account_id,account_name,industry,country,signup_date,referral_source,plan_tier,seats,is_trial,churn_flag,feature_1,feature_10,feature_11,feature_12,feature_13,feature_14,feature_15,feature_16,feature_17,feature_18,feature_19,feature_2,feature_20,feature_21,feature_22,feature_23,feature_24,feature_25,feature_26,feature_27,feature_28,feature_29,feature_3,feature_30,feature_31,feature_32,feature_33,feature_34,feature_35,feature_36,feature_37,feature_38,feature_39,feature_4,feature_40,feature_5,feature_6,feature_7,feature_8,feature_9,total_events,upgraded,churned,total_support_tickets,avg_resolution_time
A-2e4581,Company_0,EdTech,US,2024-10-16,partner,Basic,9,False,False,1,0,1,1,1,1,1,1,1,0,0,1,1,1,0,0,1,1,1,1,1,1,0,0,0,1,1,1,1,0,0,0,1,1,0,1,1,1,1,0,535,1,1.0,2.0,23.0
A-43a9e3,Company_1,FinTech,IN,2023-08-17,other,Basic,18,False,True,1,0,1,1,1,1,1,1,1,1,1,1,0,1,0,0,1,0,0,0,1,1,0,1,0,0,1,0,0,1,1,0,0,1,0,1,0,0,1,1,355,1,0.0,3.0,38.0
A-0a282f,Company_2,DevTools,US,2024-08-27,organic,Basic,1,False,False,1,1,1,1,1,1,1,0,1,1,1,1,0,1,1,1,1,0,1,1,1,1,1,1,1,1,0,1,1,1,1,0,1,0,1,1,1,1,1,1,821,1,1.0,3.0,43.666666666666664
A-1f0ac7,Company_3,HealthTech,UK,2023-08-27,other,Basic,24,True,False,1,0,0,1,1,1,1,1,1,1,0,0,1,1,1,0,1,1,0,1,0,0,1,1,1,0,1,0,1,0,1,1,1,0,1,0,1,1,0,1,382,1,1.0,2.0,29.0
A-ce550d,Company_4,HealthTech,US,2024-10-27,event,Enterprise,35,False,True,1,1,1,1,1,1,1,1,1,0,0,0,0,1,1,1,1,1,1,1,0,1,1,1,1,1,1,1,1,1,1,0,1,1,1,0,1,0,1,1,579,1,1.0,7.0,42.285714285714285
A-1b9609,Company_5,EdTech,IN,2023-10-12,ads,Enterprise,4,False,False,1,1,1,1,1,1,0,1,0,1,0,1,1,1,0,1,1,0,0,0,1,1,1,1,1,0,1,0,1,1,0,1,1,0,1,1,0,1,1,1,457,0,1.0,4.0,43.0
A-a0ca4e,Company_6,Cybersecurity,US,2024-03-08,ads,Pro,11,False,False,1,0,1,0,1,0,1,0,1,1,1,1,1,0,0,1,0,1,1,1,0,0,1,0,1,1,0,1,0,1,0,1,1,1,0,1,1,1,1,1,373,0,0.0,6.0,39.166666666666664
A-e5d6ab,Company_7,EdTech,US,2023-04-15,partner,Pro,3,False,False,1,1,1,1,1,1,0,1,0,1,0,0,1,1,0,1,0,1,1,1,0,0,1,0,1,1,1,1,1,0,1,1,1,1,0,1,1,1,1,1,382,0,1.0,3.0,42.666666666666664
A-7dacce,Company_8,Cybersecurity,CA,2024-09-10,event,Enterprise,12,False,True,1,1,1,1,1,0,1,0,1,0,1,1,0,0,1,0,1,1,1,1,0,0,0,1,1,0,1,0,1,1,1,1,1,1,1,1,1,0,0,1,472,1,1.0,4.0,32.5
A-10b8da,Company_9,DevTools,US,2023-05-08,partner,Enterprise,14,False,True,1,1,1,0,0,0,1,0,1,0,1,1,1,1,0,1,0,0,1,1,0,1,0,0,1,1,1,1,0,1,1,0,0,0,1,1,0,1,1,0,257,1,0.0,3.0,31.333333333333332
A-592832,Company_10,Cybersecurity,US,2024-09-25,organic,Basic,18,False,True,1,1,1,1,1,1,1,1,1,1,1,1,1,1,1,1,1,1,1,1,1,1,1,1,1,1,0,1,1,1,0,1,1,1,1,1,1,1,1,1,1053,1,1.0,3.0,32.666666666666664
A-d40bf7,Company_11,FinTech,IN,2024-11-08,organic,Basic,59,False,False,1,1,1,1,0,1,1,0,1,1,0,1,1,0,1,1,1,0,1,1,1,0,1,1,1,0,1,1,0,1,1,1,0,0,1,0,1,1,1,1,562,1,0.0,2.0,20.5
A-6c093d,Company_12,DevTools,US,2023-04-14,partner,Basic,7,True,False,0,1,0,1,1,1,0,1,1,1,1,1,1,1,1,1,0,1,1,1,1,1,0,1,1,1,0,0,1,1,0,1,1,1,1,1,0,1,0,1,670,1,0.0,3.0,40.333333333333336
A-462d45,Company_13,Cybersecurity,US,2024-01-15,partner,Enterprise,11,True,False,1,1,0,1,1,1,1,1,1,1,1,1,1,1,1,1,1,1,1,1,1,0,0,1,1,1,0,1,1,1,1,0,1,0,1,1,1,1,1,1,642,1,1.0,4.0,26.75
A-956988,Company_14,EdTech,UK,2024-11-30,ads,Enterprise,1,False,False,1,1,1,1,1,1,1,1,1,1,1,1,1,1,1,1,1,0,1,1,0,1,0,1,0,1,1,0,1,1,0,1,1,1,0,1,1,1,0,1,658,0,1.0,2.0,50.5
A-ac14bb,Company_15,FinTech,US,2023-09-08,partner,Enterprise,21,False,False,1,0,1,1,1,1,1,1,1,1,1,1,1,0,1,1,1,1,1,1,0,1,1,1,1,1,0,1,0,0,1,1,0,1,1,1,1,1,0,0,531,1,1.0,2.0,24.5
A-463db0,Company_16,HealthTech,US,2024-12-05,partner,Basic,15,False,False,0,1,1,1,1,0,1,1,0,0,1,1,1,0,1,0,0,1,1,1,1,0,1,0,1,0,0,1,1,0,0,1,1,1,0,0,1,1,1,1,367,0,1.0,6.0,50.166666666666664
A-ce66f8,Company_17,EdTech,CA,2023-08-23,event,Pro,29,False,False,1,1,0,1,1,1,1,1,1,1,1,0,0,1,0,1,1,1,1,1,1,1,0,1,1,0,0,0,0,1,0,0,1,1,1,1,1,1,1,1,494,0,0.0,6.0,41.666666666666664
A-c4ea60,Company_18,FinTech,DE,2023-03-09,other,Enterprise,18,False,True,1,0,0,1,1,0,1,0,0,1,1,0,1,1,1,0,0,1,1,1,1,1,1,1,1,1,0,1,1,0,1,1,1,1,0,1,0,1,1,1,427,0,0.0,5.0,36.0
A-832ec2,Company_19,FinTech,UK,2023-11-19,event,Enterprise,4,True,False,1,0,0,1,1,1,1,1,1,1,1,1,0,1,1,0,1,1,0,1,1,1,1,1,0,1,1,0,0,1,1,1,1,0,1,1,1,1,1,1,511,1,1.0,3.0,26.0
A-684255,Company_20,FinTech,US,2024-04-14,ads,Enterprise,9,False,False,1,1,1,1,1,1,0,1,0,1,0,1,1,1,1,1,1,1,1,0,1,1,1,1,1,1,0,1,1,1,1,1,1,1,1,1,1,1,0,1,653,1,1.0,4.0,14.25
A-c42f1f,Company_21,HealthTech,US,2024-07-28,other,Pro,8,False,False,1,1,1,1,0,0,0,1,1,1,1,0,1,1,1,0,1,1,0,1,0,0,1,0,0,1,0,1,0,1,0,1,1,0,1,1,0,1,1,0,337,1,0.0,9.0,31.333333333333332
A-4e44e8,Company_22,DevTools,US,2024-08-20,ads,Enterprise,3,False,True,1,1,1,0,1,1,1,1,1,0,1,1,1,1,1,1,1,1,1,1,1,1,0,0,0,1,1,1,1,1,1,1,1,1,0,0,1,1,0,1,687,1,1.0,3.0,31.333333333333332
A-30b4ca,Company_23,EdTech,IN,2024-05-20,organic,Basic,86,False,True,1,1,1,1,1,0,1,0,0,1,1,0,1,1,1,0,1,0,1,0,0,0,0,1,1,1,1,0,1,1,1,1,1,1,1,1,1,1,1,0,402,0,1.0,3.0,57.666666666666664
A-9f2731,Company_24,FinTech,IN,2024-10-04,event,Enterprise,1,False,False,0,1,0,1,1,0,0,0,1,1,1,0,1,1,1,0,1,0,0,1,0,0,1,1,1,0,0,1,1,1,1,0,1,1,1,1,0,0,1,0,324,0,1.0,0.0,
A-32fb14,Company_25,DevTools,US,2023-03-07,event,Enterprise,26,False,True,1,1,1,0,1,1,0,1,1,1,1,1,1,0,1,1,1,0,1,0,1,1,0,1,1,0,0,1,1,0,1,1,0,0,1,0,1,1,1,0,488,1,1.0,5.0,34.0
A-00cac8,Company_26,HealthTech,AU,2023-09-15,organic,Enterprise,8,True,False,1,1,1,1,0,1,1,1,0,1,0,1,0,1,1,1,1,1,1,1,1,0,0,1,1,1,1,1,1,1,1,0,1,0,0,1,1,0,1,1,602,0,0.0,2.0,33.0
A-35083d,Company_27,HealthTech,IN,2023-04-28,partner,Basic,19,False,True,1,1,1,0,1,1,0,1,1,1,1,1,1,0,0,0,1,0,1,1,0,1,1,1,1,1,0,1,1,1,0,1,1,0,1,1,1,0,1,1,791,1,0.0,4.0,49.75
A-eb7fac,Company_28,DevTools,US,2023-10-28,organic,Enterprise,7,False,False,0,0,1,1,1,1,1,1,0,1,1,0,0,1,1,0,1,1,1,1,1,1,1,1,1,1,1,1,1,0,1,0,0,0,0,0,1,1,0,1,538,0,1.0,4.0,34.0
A-b20d99,Company_29,HealthTech,IN,2023-09-27,other,Basic,20,False,False,0,0,1,1,1,0,1,1,0,0,1,1,0,1,1,1,1,0,1,0,1,1,0,0,0,1,1,1,0,1,0,1,0,0,1,0,1,0,0,1,329,1,1.0,2.0,61.5
A-396e5f,Company_30,Cybersecurity,CA,2024-10-02,other,Enterprise,2,False,False,1,0,0,1,0,1,1,0,1,0,1,0,1,1,0,1,1,1,1,1,1,0,1,1,1,1,0,1,0,1,1,1,1,0,1,1,1,1,1,1,540,1,1.0,5.0,24.8
A-45ce7a,Company_31,FinTech,US,2023-07-23,ads,Enterprise,16,False,False,1,0,1,1,0,1,1,1,1,1,0,1,0,1,1,1,0,0,1,0,0,0,0,0,0,1,1,1,0,1,0,1,1,0,1,0,0,0,0,1,424,1,0.0,5.0,45.4
A-08e34e,Company_32,EdTech,US,2024-06-27,event,Basic,14,False,True,1,1,0,1,1,1,1,1,1,1,1,1,1,1,1,1,0,1,1,1,1,1,1,1,1,1,1,1,1,1,1,1,0,1,0,1,0,1,1,0,651,0,1.0,3.0,43.0
A-8145a0,Company_33,Cybersecurity,AU,2023-04-25,partner,Basic,2,True,False,1,1,1,1,1,1,1,1,1,1,1,1,0,1,1,0,1,1,1,0,1,1,1,1,1,1,1,1,1,0,1,0,1,1,1,1,0,0,0,1,693,1,1.0,6.0,23.666666666666668
A-bad8c1,Company_34,FinTech,AU,2023-03-01,organic,Basic,7,False,False,1,1,1,0,1,1,1,0,0,0,0,1,0,1,1,1,1,1,1,1,1,0,1,0,0,1,0,1,1,1,0,1,1,1,1,1,1,1,1,1,385,1,1.0,1.0,27.0
A-44dc83,Company_35,EdTech,FR,2024-05-12,other,Basic,5,False,False,0,0,0,1,0,0,0,0,0,1,0,0,0,0,0,0,1,0,0,1,1,1,1,0,1,1,0,1,1,0,1,1,0,0,0,0,1,0,1,1,248,0,1.0,7.0,40.857142857142854
A-f446b6,Company_36,DevTools,DE,2023-05-12,ads,Pro,5,True,False,0,1,1,1,1,0,0,1,0,0,1,1,1,0,1,1,1,1,0,1,0,1,0,1,1,1,1,1,0,1,1,0,1,1,1,1,0,0,1,1,376,0,0.0,8.0,30.75
A-a45270,Company_37,HealthTech,US,2024-06-24,ads,Enterprise,3,False,False,0,1,1,1,1,1,1,0,1,1,1,1,1,1,1,1,1,1,1,1,1,0,1,1,1,1,1,0,1,1,1,1,1,1,1,0,1,1,1,1,733,1,1.0,4.0,64.0
A-854864,Company_38,FinTech,IN,2024-12-07,event,Enterprise,20,False,False,1,0,1,0,1,0,1,0,0,1,0,0,0,0,0,0,0,1,1,0,1,1,0,0,1,0,0,0,0,1,1,1,0,0,0,1,0,1,1,1,248,0,1.0,5.0,44.2
A-1b7577,Company_39,Cybersecurity,US,2024-10-27,other,Pro,4,False,False,1,1,1,1,0,1,0,1,1,0,0,1,1,1,1,1,1,0,1,1,1,1,0,1,1,1,1,1,1,1,1,1,1,1,1,1,0,1,1,1,647,0,0.0,5.0,27.2
A-05f0e5,Company_40,FinTech,US,2023-05-04,partner,Basic,32,False,False,1,1,0,0,0,1,0,1,1,1,1,1,0,1,1,1,0,1,1,1,1,1,1,1,1,0,1,1,1,1,1,1,1,1,1,1,1,1,0,1,706,1,1.0,4.0,20.0
A-9077b0,Company_41,HealthTech,US,2024-08-25,ads,Basic,2,False,False,0,1,1,1,1,1,0,1,1,1,1,0,1,1,0,1,1,1,0,1,1,1,0,1,1,1,1,0,1,0,1,1,1,0,0,1,0,0,0,0,493,1,0.0,3.0,40.333333333333336
A-7f8241,Company_42,EdTech,US,2023-03-14,organic,Pro,34,False,True,1,1,1,0,1,1,1,1,1,1,0,1,0,1,1,1,1,1,1,1,1,0,1,1,1,1,1,0,1,1,1,1,0,1,1,1,1,1,1,1,734,1,0.0,1.0,36.0
A-2bc93d,Company_43,HealthTech,US,2023-03-14,event,Basic,14,False,False,1,1,1,1,1,1,1,1,1,1,0,1,0,1,1,0,1,1,1,1,1,1,1,0,1,1,1,1,1,0,1,0,1,1,0,1,1,1,1,1,666,1,1.0,2.0,12.0
A-f3ff05,Company_44,FinTech,IN,2024-07-06,other,Enterprise,2,False,False,0,1,1,1,1,1,0,0,1,1,0,0,1,1,1,0,1,1,1,0,1,0,0,1,0,0,1,1,0,1,1,1,1,1,1,1,1,1,1,1,672,1,1.0,3.0,42.666666666666664
A-2d4502,Company_45,FinTech,IN,2024-04-29,event,Basic,7,False,False,1,1,1,0,1,1,1,1,1,1,1,1,0,1,0,1,1,1,1,1,0,1,0,0,1,1,0,0,1,1,1,0,1,1,0,1,0,1,1,1,465,1,1.0,3.0,26.333333333333332
A-6a4e2d,Company_46,EdTech,UK,2023-04-07,partner,Pro,9,False,False,0,0,1,1,1,0,1,1,0,1,1,1,1,0,1,1,1,1,1,1,1,1,0,1,1,1,0,0,1,0,1,1,0,1,1,0,1,0,1,0,597,1,1.0,2.0,18.5
A-eb7c38,Company_47,DevTools,AU,2024-02-25,organic,Enterprise,5,False,False,1,1,1,1,1,0,1,0,1,1,0,1,0,1,1,1,1,1,1,0,1,1,1,1,1,1,1,1,1,1,1,1,1,1,1,0,1,1,0,1,693,1,1.0,5.0,22.4
A-c37601,Company_48,EdTech,US,2024-10-31,partner,Basic,6,True,False,0,1,1,1,0,1,1,1,1,0,1,0,0,1,1,1,0,0,1,0,1,1,0,1,1,0,0,1,1,1,1,1,1,0,1,1,1,1,1,1,489,0,1.0,4.0,42.25
A-3b5cd1,Company_49,FinTech,US,2023-09-12,event,Basic,13,True,False,1,1,0,1,0,1,0,1,1,0,0,1,1,0,1,1,1,1,0,1,1,1,1,1,1,1,0,1,1,1,1,0,0,0,1,1,1,1,0,0,523,1,1.0,5.0,27.4
A-b2225d,Company_50,FinTech,US,2024-03-08,ads,Basic,47,False,True,0,1,1,1,1,1,1,1,1,1,1,1,1,1,1,1,1,1,1,1,0,1,1,1,1,1,1,1,1,1,1,1,0,1,0,0,1,1,1,0,696,1,1.0,2.0,42.0
A-94f8c9,Company_51,HealthTech,US,2024-03-29,other,Basic,13,False,False,1,0,1,1,1,1,1,0,1,1,1,1,0,1,1,1,1,1,1,1,1,0,0,1,1,1,1,1,1,1,0,1,1,1,1,0,1,1,1,1,746,1,1.0,3.0,47.333333333333336
A-02fac6,Company_52,FinTech,US,2023-04-06,event,Pro,22,False,False,1,0,0,1,1,1,1,1,1,1,1,0,1,1,1,1,1,1,0,0,1,1,1,0,0,1,0,1,1,1,1,1,1,1,1,1,1,1,1,1,514,1,1.0,6.0,23.333333333333332
A-c1dfe1,Company_53,DevTools,DE,2023-08-07,ads,Pro,26,False,False,1,0,0,1,0,1,0,1,0,1,1,0,1,0,1,0,0,1,1,0,1,0,0,1,1,1,0,1,0,1,0,1,0,1,1,1,1,1,1,1,375,1,1.0,3.0,50.333333333333336
A-32728c,Company_54,DevTools,US,2023-01-03,event,Pro,20,False,True,1,1,1,1,1,1,0,1,1,0,0,1,1,0,1,1,1,0,1,1,0,1,0,0,0,1,0,1,0,1,1,1,1,1,0,0,1,0,1,1,418,1,1.0,2.0,34.5
A-4c38bc,Company_55,HealthTech,UK,2024-03-09,event,Basic,36,False,True,1,1,0,1,1,1,1,1,1,1,1,1,1,1,1,0,1,1,1,1,1,1,1,1,1,1,1,1,1,1,1,1,1,1,0,1,1,1,1,1,818,1,0.0,3.0,48.333333333333336
A-1b707d,Company_56,Cybersecurity,US,2023-07-14,organic,Enterprise,1,False,False,1,0,1,1,1,1,1,1,0,1,1,1,0,1,0,0,1,1,1,1,0,1,1,1,1,1,0,0,1,0,1,0,0,0,0,1,1,1,1,1,399,1,1.0,3.0,42.666666666666664
A-6f8ad2,Company_57,EdTech,IN,2024-07-09,organic,Basic,1,False,False,1,1,1,1,1,0,1,1,1,1,1,1,1,1,1,1,1,1,1,1,1,1,1,1,1,1,1,1,1,1,1,1,1,1,1,1,0,1,1,1,924,1,0.0,4.0,35.25
A-4d1e75,Company_58,DevTools,US,2024-08-21,other,Basic,20,False,False,1,1,1,1,0,1,1,1,0,1,0,1,0,1,0,1,1,0,0,1,1,1,1,1,0,0,1,1,0,1,1,1,1,1,1,1,0,1,1,0,477,1,1.0,2.0,15.0
A-9ee962,Company_59,HealthTech,US,2023-02-28,ads,Basic,9,False,True,0,1,1,0,1,1,1,0,1,0,1,0,1,1,0,0,0,1,0,1,1,1,1,1,0,1,1,1,1,1,1,1,1,1,1,0,0,0,0,0,439,1,1.0,3.0,37.0
A-378b99,Company_60,EdTech,UK,2024-09-01,ads,Pro,8,True,False,1,1,1,1,1,1,1,1,0,0,1,1,1,1,1,1,1,0,1,1,1,1,1,0,0,0,0,1,1,1,1,1,1,1,1,1,1,1,1,1,565,1,1.0,6.0,28.5
A-94d3da,Company_61,HealthTech,US,2023-05-03,other,Basic,41,False,False,0,0,1,0,1,1,1,1,1,0,0,1,1,1,1,1,0,1,1,1,1,1,1,1,0,1,0,0,1,0,1,1,0,1,1,1,1,1,1,1,464,1,1.0,6.0,26.833333333333332
A-e351e1,Company_62,EdTech,US,2024-09-26,other,Enterprise,33,False,False,1,0,0,1,1,0,0,0,0,0,0,1,1,0,0,1,0,1,1,1,1,0,0,1,0,0,0,1,1,1,0,0,1,0,1,1,0,1,0,0,295,0,1.0,4.0,17.0
A-9badbd,Company_63,Cybersecurity,DE,2024-06-19,ads,Enterprise,5,True,False,0,1,1,0,1,1,1,1,1,1,1,1,1,1,1,1,1,1,1,1,0,0,1,1,1,1,1,1,1,1,1,1,1,1,0,1,1,0,0,1,729,0,0.0,5.0,30.2
A-7e0a10,Company_64,FinTech,US,2023-11-18,ads,Enterprise,46,False,False,1,1,1,1,1,1,1,0,0,1,1,1,1,1,1,1,0,1,1,1,1,1,1,1,1,1,1,1,1,1,1,0,0,0,1,1,1,1,1,1,511,1,1.0,5.0,39.4
A-118d55,Company_65,Cybersecurity,US,2024-10-22,organic,Basic,8,False,False,1,1,1,1,0,1,0,1,1,1,1,1,0,1,1,1,0,1,1,1,0,1,1,0,1,0,1,1,1,1,1,1,1,0,0,1,0,1,0,1,599,1,1.0,5.0,24.2
A-526d93,Company_66,HealthTech,FR,2024-04-14,organic,Basic,43,False,False,1,1,0,1,0,1,1,1,0,0,1,1,0,1,0,1,1,1,1,1,0,1,0,1,0,1,1,1,0,1,1,1,1,1,1,1,0,0,1,1,565,1,1.0,5.0,51.4
A-f92792,Company_67,FinTech,US,2024-07-04,ads,Pro,1,False,False,1,1,1,1,1,1,1,0,1,1,1,1,0,0,1,1,1,1,1,1,1,1,1,1,1,0,1,1,1,1,0,1,0,1,1,1,1,0,1,0,528,1,1.0,2.0,45.0
A-84ebe4,Company_68,FinTech,US,2023-03-12,ads,Pro,18,True,True,1,1,0,0,1,1,1,1,0,1,1,1,0,1,0,1,1,0,0,1,0,1,1,1,0,1,1,0,1,0,1,1,1,1,1,0,0,1,1,1,396,0,1.0,4.0,29.5
A-5b4ebb,Company_69,Cybersecurity,UK,2024-07-10,other,Basic,21,True,True,1,0,1,1,1,1,1,1,0,1,1,1,1,1,1,1,1,1,1,1,0,1,1,1,1,0,1,1,1,0,1,1,1,1,1,1,0,1,1,1,692,1,0.0,5.0,35.4
A-2922b6,Company_70,HealthTech,US,2024-11-14,organic,Basic,15,False,False,0,1,1,1,1,1,1,0,1,0,1,1,0,1,1,1,0,1,1,0,1,0,0,1,1,1,1,0,1,1,1,0,0,1,0,0,1,1,1,1,393,1,1.0,2.0,15.5
A-9b9fe9,Company_71,EdTech,AU,2023-09-28,other,Basic,5,False,False,1,0,0,1,1,1,1,0,1,0,1,0,0,1,1,0,1,1,0,1,1,1,1,1,1,1,1,1,1,1,1,1,0,1,1,1,1,1,1,0,597,0,1.0,4.0,33.5
A-a8b49c,Company_72,Cybersecurity,UK,2023-10-06,partner,Basic,7,False,False,0,0,1,1,1,1,0,0,1,1,0,1,0,1,1,1,1,1,1,1,0,0,1,1,1,0,1,1,1,1,1,0,1,0,1,0,1,1,1,0,545,1,1.0,1.0,72.0
A-9174e0,Company_73,Cybersecurity,US,2024-12-04,partner,Basic,37,False,False,1,1,1,1,0,1,1,1,1,1,0,1,1,1,1,1,0,1,0,1,1,1,1,1,1,1,0,1,0,1,1,1,1,1,1,1,1,1,1,1,689,1,0.0,2.0,39.0
A-a1bbb6,Company_74,DevTools,CA,2023-04-05,organic,Basic,1,False,False,0,1,0,1,0,1,1,0,0,1,1,1,0,1,1,1,1,0,0,0,1,0,1,0,1,1,1,1,0,1,1,0,1,1,0,0,0,1,0,1,366,0,0.0,3.0,17.666666666666668
A-c45b23,Company_75,FinTech,UK,2023-12-08,partner,Basic,5,False,False,1,0,1,1,0,1,1,1,1,1,1,1,1,0,1,1,1,1,1,0,1,0,1,1,1,1,1,0,1,1,1,1,1,1,1,0,1,1,1,0,581,0,1.0,3.0,36.666666666666664
A-02cd81,Company_76,HealthTech,IN,2024-03-28,other,Basic,44,False,False,1,1,1,1,1,1,1,1,1,0,1,1,1,0,1,1,1,1,1,1,1,1,1,1,1,1,1,1,0,1,1,0,0,1,0,1,1,0,0,0,684,0,1.0,3.0,17.333333333333332
A-ee42db,Company_77,EdTech,DE,2023-04-25,ads,Enterprise,13,False,False,1,0,1,1,1,1,1,1,1,0,1,1,0,1,1,1,1,1,1,1,0,1,0,1,1,1,1,0,0,1,0,0,1,1,1,1,1,1,1,1,511,1,1.0,4.0,33.75
A-432483,Company_78,Cybersecurity,US,2023-02-06,ads,Pro,4,False,False,0,0,1,0,0,1,1,0,1,0,1,1,1,0,0,1,1,1,1,0,0,1,1,1,0,1,0,0,1,1,1,1,1,1,0,1,1,0,1,1,451,1,0.0,1.0,51.0
A-9208f0,Company_79,EdTech,US,2023-05-11,organic,Pro,1,False,True,1,1,1,1,1,1,1,1,0,0,1,0,0,1,1,1,1,1,1,0,1,1,1,1,1,1,0,1,0,0,1,0,1,0,1,1,0,1,1,1,538,1,1.0,8.0,41.25
A-98a59a,Company_80,FinTech,UK,2023-08-04,partner,Enterprise,56,False,False,1,0,1,1,0,1,0,0,1,1,0,1,1,1,1,0,1,0,1,1,1,1,1,0,1,1,1,0,1,1,1,1,1,0,1,0,1,1,0,0,455,1,1.0,3.0,37.333333333333336
A-fe79a5,Company_81,HealthTech,IN,2024-02-21,ads,Basic,9,True,False,1,0,1,1,1,1,0,0,1,1,1,0,1,1,0,0,0,1,1,0,1,0,1,1,0,0,1,0,1,1,1,0,0,0,0,1,1,0,0,1,335,1,0.0,4.0,28.5
A-726cfa,Company_82,DevTools,US,2023-07-01,partner,Pro,11,False,False,1,1,1,1,1,1,1,1,1,1,1,1,1,1,1,1,1,1,1,1,1,1,1,1,1,1,1,1,1,1,1,1,1,1,1,1,1,1,1,1,993,1,1.0,3.0,35.666666666666664
A-c43359,Company_83,FinTech,US,2024-11-16,organic,Pro,38,False,False,0,1,1,1,1,1,1,0,1,1,1,1,1,0,1,1,1,1,1,1,0,1,1,1,1,0,0,1,1,0,1,1,1,1,0,1,0,0,0,0,461,1,1.0,3.0,26.666666666666668
A-271f46,Company_84,DevTools,US,2023-02-09,event,Pro,38,False,True,1,0,1,0,1,0,1,0,1,1,1,0,0,1,1,0,0,1,1,1,1,0,0,1,0,1,1,1,0,1,1,1,1,0,1,0,0,1,1,1,373,0,1.0,1.0,36.0
A-157070,Company_85,FinTech,US,2023-11-09,ads,Pro,16,False,False,1,1,1,1,1,0,1,1,1,1,1,1,1,1,1,1,1,1,1,1,1,1,1,1,1,1,1,1,1,1,0,1,1,0,1,1,1,1,1,1,696,1,1.0,3.0,42.333333333333336
A-40a557,Company_86,Cybersecurity,AU,2023-12-03,partner,Pro,16,True,False,1,1,0,1,1,1,0,0,1,1,0,0,0,1,1,1,1,1,1,1,0,1,1,1,1,0,0,0,1,1,1,1,0,0,0,1,1,0,1,0,402,1,1.0,7.0,30.571428571428573
A-66224b,Company_87,HealthTech,US,2024-10-18,other,Pro,92,True,False,1,1,1,1,1,1,0,1,0,0,1,1,1,1,1,1,0,1,1,0,1,1,1,1,1,1,1,1,1,1,1,0,1,1,1,1,1,1,1,1,626,0,0.0,6.0,39.833333333333336
A-91e948,Company_88,EdTech,AU,2023-01-29,partner,Basic,41,False,False,0,1,0,1,0,1,1,1,1,0,0,0,1,0,1,0,1,1,1,0,1,0,0,0,0,1,1,1,0,1,0,1,1,1,1,1,1,1,0,0,404,1,0.0,0.0,
A-104f1a,Company_89,Cybersecurity,US,2024-08-17,other,Pro,24,False,False,1,1,0,1,1,1,1,0,0,1,1,1,1,1,1,1,1,0,1,0,0,1,0,1,0,1,1,1,1,1,0,1,0,1,1,1,1,1,0,0,438,0,1.0,5.0,33.2
A-7988d1,Company_90,Cybersecurity,US,2023-12-20,other,Basic,33,False,False,1,1,1,1,0,1,0,1,1,1,1,1,1,1,1,1,0,0,0,0,1,0,0,1,1,1,1,1,1,1,1,1,1,1,0,1,1,1,1,1,449,0,1.0,3.0,35.333333333333336
A-faa28c,Company_91,HealthTech,US,2024-01-30,organic,Enterprise,48,False,False,1,1,1,0,1,0,0,1,1,1,1,1,0,0,1,0,1,1,0,1,1,0,0,0,1,1,1,1,0,1,1,0,0,0,1,0,1,1,1,1,585,1,1.0,4.0,52.25
A-f25509,Company_92,EdTech,US,2024-03-22,other,Enterprise,32,False,False,0,0,0,1,1,1,0,0,1,1,1,1,0,1,0,1,0,1,0,0,0,0,1,1,1,0,0,0,1,0,0,0,1,0,0,0,0,0,1,1,229,0,1.0,6.0,42.666666666666664
A-3a7284,Company_93,FinTech,US,2024-11-17,organic,Enterprise,31,False,False,1,1,1,0,1,1,1,1,1,1,1,1,1,1,1,1,0,1,0,1,1,1,1,0,1,1,1,1,0,1,1,1,1,0,1,1,1,0,1,1,609,1,1.0,3.0,56.333333333333336
A-3a5ad8,Company_94,HealthTech,US,2023-12-05,organic,Enterprise,9,True,False,1,1,0,1,1,1,0,1,0,0,1,1,0,1,1,1,1,0,0,0,1,1,1,1,1,1,0,0,0,1,1,1,1,0,0,1,1,1,1,1,506,1,0.0,4.0,44.75
A-65a46c,Company_95,HealthTech,US,2023-11-04,event,Pro,1,False,False,0,1,1,1,1,1,0,0,0,0,1,1,0,1,1,1,1,1,1,0,1,1,1,0,0,0,1,1,1,0,1,1,0,1,0,1,1,0,0,0,370,1,0.0,8.0,45.125
A-8b25f2,Company_96,Cybersecurity,US,2024-02-17,ads,Pro,6,False,True,0,1,1,1,1,1,1,0,1,1,1,1,0,1,0,1,1,0,0,0,0,1,1,1,0,1,1,1,1,0,1,0,1,1,1,1,1,1,1,1,565,1,0.0,2.0,35.5
A-fabe19,Company_97,DevTools,UK,2024-11-11,ads,Enterprise,1,False,False,0,1,0,1,1,0,0,1,0,1,0,0,0,1,1,0,1,1,1,0,1,0,1,1,0,1,1,1,0,1,0,0,1,0,0,1,0,0,1,0,337,1,0.0,3.0,40.666666666666664
A-adc1f3,Company_98,Cybersecurity,US,2024-08-05,organic,Pro,2,False,False,1,1,0,1,1,0,1,1,1,1,0,1,0,0,0,1,1,0,1,1,0,0,0,0,0,0,1,1,0,1,1,0,1,1,1,1,1,1,1,0,334,0,0.0,3.0,47.333333333333336
A-503d5a,Company_99,FinTech,US,2023-10-21,other,Enterprise,4,False,True,1,1,1,1,1,1,1,1,1,1,1,0,1,1,1,0,1,1,1,1,1,1,1,0,1,0,1,1,0,1,1,1,1,1,1,0,1,1,1,1,605,0,0.0,9.0,36.55555555555556
A-fd7ad3,Company_100,Cybersecurity,US,2024-11-01,event,Enterprise,1,False,False,0,1,0,0,1,1,1,1,1,1,1,1,1,1,1,1,1,1,1,1,0,0,1,1,0,1,1,1,1,0,1,1,1,1,1,1,1,0,1,0,567,1,1.0,8.0,48.75
A-186a44,Company_101,HealthTech,US,2023-08-07,ads,Enterprise,20,False,False,1,1,1,0,1,1,1,1,1,1,1,0,1,0,1,1,1,1,0,1,0,0,1,1,0,1,0,1,1,1,1,1,1,0,1,1,1,1,0,1,614,1,0.0,7.0,38.285714285714285
A-e888d1,Company_102,Cybersecurity,US,2023-03-28,other,Pro,14,False,False,1,0,1,1,1,1,1,1,1,1,0,1,1,1,1,1,0,1,1,1,1,1,1,1,0,0,1,0,1,1,0,0,0,1,1,1,1,1,1,1,552,1,1.0,5.0,43.0
A-69fad4,Company_103,FinTech,UK,2023-04-06,ads,Basic,6,False,True,1,0,1,0,0,1,1,1,1,0,0,1,1,0,0,0,0,1,0,1,1,1,1,0,0,1,1,0,1,1,1,1,1,1,0,1,1,0,1,0,412,0,1.0,4.0,43.0
A-9289f6,Company_104,EdTech,US,2023-05-31,event,Enterprise,1,False,False,0,1,1,1,0,0,1,1,1,1,1,1,1,1,1,1,1,1,1,1,1,1,1,1,1,1,1,0,1,1,1,1,0,1,0,1,1,0,1,1,642,1,1.0,6.0,37.5
A-f19409,Company_105,DevTools,US,2023-03-16,other,Basic,23,False,True,1,1,1,1,1,0,1,1,0,1,1,0,1,0,1,1,1,1,1,0,1,1,1,1,1,1,1,1,1,1,1,1,0,1,1,1,1,0,1,1,659,1,1.0,3.0,6.333333333333333
A-22f2df,Company_106,DevTools,US,2024-12-14,ads,Basic,3,False,False,1,0,1,0,1,0,0,0,1,1,1,0,1,1,0,1,1,0,1,1,0,1,1,0,0,0,1,0,1,0,1,1,1,1,1,0,1,1,1,1,429,1,0.0,5.0,44.8
A-039727,Company_107,EdTech,AU,2024-11-02,organic,Pro,25,False,False,1,1,1,1,1,1,1,1,1,0,0,1,1,1,0,1,1,1,1,1,0,1,0,1,1,1,1,1,1,0,1,1,0,1,1,1,1,1,1,1,768,1,1.0,0.0,
A-2e3bad,Company_108,FinTech,CA,2023-08-13,other,Pro,61,False,False,1,1,1,1,1,1,1,1,0,0,0,1,1,1,1,1,0,1,1,0,1,1,0,0,0,0,1,1,1,0,0,1,1,1,1,0,1,0,0,0,435,0,1.0,5.0,31.4
A-484819,Company_109,HealthTech,US,2023-02-21,organic,Pro,18,False,False,0,0,1,0,1,1,0,0,1,1,0,1,1,0,1,1,1,1,1,0,0,0,1,0,0,1,1,0,0,1,1,0,0,1,1,0,1,1,0,1,336,1,1.0,5.0,33.2
A-425e76,Company_110,DevTools,UK,2023-05-17,other,Enterprise,8,False,True,1,1,0,1,1,1,0,0,1,1,1,0,1,1,1,1,1,0,1,1,1,1,1,1,1,1,1,1,0,1,1,0,1,1,0,0,1,0,0,1,438,1,1.0,5.0,48.2
A-e83938,Company_111,DevTools,UK,2023-11-21,other,Pro,2,True,True,0,1,1,1,1,0,1,1,1,0,0,1,0,0,1,0,0,0,1,0,1,0,1,0,1,1,1,1,0,1,1,1,1,1,0,0,0,1,0,0,266,1,1.0,4.0,31.0
A-ad296b,Company_112,DevTools,AU,2024-07-15,event,Pro,38,False,False,1,0,0,1,0,0,1,1,0,1,1,1,1,0,1,1,1,1,1,1,0,0,0,0,0,1,1,0,0,0,1,0,1,1,0,1,1,1,1,1,294,0,0.0,3.0,28.333333333333332
A-e51ec7,Company_113,FinTech,CA,2023-09-23,partner,Enterprise,2,False,False,0,0,0,1,1,0,1,1,1,1,1,1,0,0,1,0,1,0,0,0,1,1,1,1,1,0,0,1,1,1,0,1,1,1,1,1,1,1,0,1,417,1,1.0,3.0,37.0
A-0aaf6e,Company_114,FinTech,US,2024-05-11,organic,Enterprise,3,False,False,0,1,1,1,1,0,1,1,0,0,0,1,1,0,0,0,1,1,1,0,1,1,1,1,1,1,1,0,0,0,1,1,0,0,1,1,1,0,1,1,599,0,0.0,5.0,45.0
A-e61e98,Company_115,FinTech,US,2023-10-20,partner,Enterprise,19,False,True,1,1,1,1,1,0,0,0,1,1,1,1,0,1,1,1,1,1,1,1,1,1,1,0,0,1,1,1,1,1,1,1,1,1,1,1,1,1,0,0,527,1,1.0,6.0,30.333333333333332
A-92a333,Company_116,FinTech,US,2023-03-24,event,Enterprise,9,False,False,0,1,0,1,1,1,0,0,0,0,1,0,1,1,1,0,1,0,0,1,1,0,1,0,1,1,0,0,1,1,1,1,1,0,0,0,1,0,1,1,364,0,0.0,4.0,23.25
A-95b24a,Company_117,FinTech,US,2023-06-06,event,Pro,38,False,True,1,1,1,1,1,1,1,1,0,1,1,1,1,1,1,0,0,0,1,0,0,1,0,1,1,1,1,1,1,1,1,1,0,1,1,1,1,1,1,1,611,1,0.0,5.0,21.2
A-42e5e1,Company_118,DevTools,US,2024-07-09,ads,Pro,1,False,True,0,1,1,1,0,1,1,0,0,0,1,1,1,1,1,1,1,1,1,1,0,1,0,0,0,1,1,1,0,0,1,1,1,0,0,0,0,1,0,1,411,1,1.0,3.0,29.0
A-7d514c,Company_119,HealthTech,DE,2024-02-03,organic,Enterprise,17,False,False,1,1,1,1,0,1,1,1,1,0,0,1,1,1,0,1,1,1,1,0,1,1,1,1,0,1,1,1,1,1,1,0,0,1,0,0,1,1,1,1,502,1,0.0,3.0,33.333333333333336
A-65aeb5,Company_120,DevTools,US,2024-01-25,partner,Pro,9,False,False,1,1,1,1,1,0,0,1,0,1,1,1,1,1,1,1,0,1,1,1,1,1,1,1,1,1,0,0,1,1,1,1,1,1,0,0,1,0,1,0,533,0,1.0,2.0,42.5
A-e2cd1b,Company_121,DevTools,US,2024-02-04,other,Enterprise,15,False,False,1,0,1,1,1,1,1,1,1,1,1,0,0,1,0,0,1,0,0,1,1,1,1,0,1,0,1,0,1,0,1,1,1,1,1,1,1,1,1,1,465,1,0.0,5.0,37.8
A-180abf,Company_122,DevTools,US,2023-08-14,event,Pro,64,False,True,1,0,1,1,1,1,1,0,1,1,1,1,1,1,1,1,1,1,1,1,1,0,1,0,1,0,1,1,0,0,1,1,1,1,1,0,0,0,0,1,499,1,1.0,3.0,36.333333333333336
A-f17767,Company_123,DevTools,US,2023-01-30,event,Enterprise,1,True,True,1,1,1,1,1,1,1,1,1,1,0,1,1,0,1,1,1,1,1,1,1,1,1,1,1,1,1,1,1,1,1,1,0,1,1,1,0,1,0,1,713,1,1.0,3.0,36.333333333333336
A-5a184f,Company_124,DevTools,DE,2023-06-19,other,Enterprise,1,False,True,1,1,0,1,1,0,0,1,1,1,1,1,1,0,1,1,1,1,1,1,0,0,1,1,0,0,1,1,1,1,1,1,1,1,0,1,1,1,0,1,587,0,1.0,3.0,15.333333333333334
A-7df7a7,Company_125,DevTools,US,2023-01-28,organic,Basic,7,False,True,1,1,1,1,0,1,1,1,1,1,1,0,1,1,1,1,1,1,1,0,1,1,1,1,1,1,1,1,1,1,1,1,1,1,1,1,1,0,1,1,922,0,1.0,3.0,28.0
A-1ac5e0,Company_126,DevTools,US,2024-10-20,event,Basic,33,False,True,0,0,1,1,1,1,0,0,1,1,1,1,0,1,1,0,1,1,1,1,1,1,0,1,1,1,1,1,1,1,1,1,1,1,1,1,1,1,0,0,558,0,0.0,7.0,40.42857142857143
A-52dd88,Company_127,Cybersecurity,US,2023-02-21,ads,Pro,23,False,False,1,0,0,1,0,1,1,1,1,1,1,1,1,1,1,1,1,1,1,1,0,1,1,0,0,1,1,0,0,0,1,0,1,1,0,1,0,1,1,1,516,1,0.0,1.0,72.0
A-bece89,Company_128,Cybersecurity,IN,2023-12-01,event,Pro,26,False,False,0,0,1,1,1,0,0,1,1,0,0,1,1,0,1,0,0,0,1,0,1,1,0,0,1,0,1,0,0,0,0,0,0,0,1,0,0,1,0,1,176,1,1.0,4.0,32.5
A-029f69,Company_129,Cybersecurity,CA,2024-03-07,event,Basic,3,False,False,1,1,1,1,1,1,1,1,1,1,1,1,1,1,1,1,1,1,1,1,1,1,1,1,1,1,1,1,1,1,1,1,1,0,1,0,1,1,0,1,789,1,1.0,2.0,42.0
A-5c046d,Company_130,EdTech,FR,2024-07-06,partner,Basic,93,False,False,1,1,1,1,0,0,1,1,0,0,0,1,1,1,1,1,1,1,1,1,1,1,1,1,0,0,0,0,1,1,1,1,0,1,0,0,1,1,1,0,475,0,0.0,1.0,13.0
A-fb186e,Company_131,EdTech,IN,2024-10-27,organic,Basic,29,False,False,0,0,0,0,0,0,0,1,0,0,1,0,1,1,0,1,1,1,1,0,0,0,0,1,1,1,1,0,0,0,0,0,0,0,1,0,0,1,1,0,207,0,0.0,6.0,26.166666666666668
A-ae052e,Company_132,FinTech,CA,2023-09-11,other,Basic,39,False,False,1,0,1,1,1,1,1,0,1,1,0,0,1,1,0,1,0,1,0,1,1,0,0,1,1,0,1,1,1,0,0,1,1,0,0,1,0,0,1,1,300,1,1.0,4.0,31.25
A-9f9299,Company_133,FinTech,US,2023-09-02,organic,Enterprise,28,True,False,1,1,1,1,0,1,1,1,1,1,1,1,1,1,1,1,1,1,1,1,1,0,1,1,1,1,1,1,1,0,1,1,1,1,1,1,1,1,1,1,830,0,1.0,5.0,36.2
A-96e141,Company_134,DevTools,UK,2023-08-12,partner,Basic,14,False,False,1,0,1,1,0,1,1,0,0,1,1,1,0,1,1,0,1,1,1,0,0,1,1,0,1,1,1,0,1,1,0,0,1,1,1,1,1,1,0,0,346,0,1.0,5.0,32.8
A-117171,Company_135,HealthTech,FR,2024-09-12,organic,Basic,45,False,True,0,0,0,1,0,0,1,1,1,0,1,0,1,0,1,0,0,0,1,1,0,1,0,1,0,0,1,0,0,1,0,0,0,1,1,0,0,0,0,0,208,0,1.0,6.0,32.5
A-313be3,Company_136,EdTech,US,2023-11-15,partner,Enterprise,47,True,False,1,1,0,1,1,1,1,1,1,1,0,0,1,0,1,1,1,1,1,1,1,1,1,1,1,1,1,1,0,1,1,0,1,1,1,1,1,1,0,1,560,1,1.0,4.0,22.5
A-671f31,Company_137,DevTools,US,2024-11-24,ads,Basic,59,False,False,1,1,1,0,0,0,0,1,1,1,1,0,1,0,0,0,0,1,0,0,0,0,0,0,1,0,0,1,0,0,0,1,1,0,0,0,0,0,0,0,167,0,0.0,7.0,33.0
A-bbc346,Company_138,FinTech,US,2024-08-29,partner,Enterprise,19,False,False,0,1,0,1,1,1,1,1,1,1,0,1,1,1,0,1,1,1,1,1,0,1,1,1,1,1,1,1,1,0,1,1,1,1,1,1,1,1,1,1,650,1,1.0,3.0,45.333333333333336
A-c16101,Company_139,EdTech,IN,2024-09-06,other,Basic,7,False,False,1,1,1,1,1,1,0,1,1,1,0,1,1,1,1,0,1,1,1,1,1,1,1,1,1,1,1,0,1,0,1,1,1,1,1,0,0,0,0,1,561,1,1.0,4.0,28.0
A-50f3f7,Company_140,HealthTech,US,2023-12-22,partner,Basic,31,False,True,0,1,0,1,1,1,1,1,1,1,0,0,0,1,1,1,1,1,1,0,1,1,1,0,1,0,1,1,0,1,0,1,1,1,1,1,1,1,1,1,685,0,0.0,6.0,37.833333333333336
A-7da956,Company_141,Cybersecurity,US,2024-06-02,event,Pro,13,True,False,0,1,1,1,1,1,0,0,1,1,0,1,1,1,0,1,1,0,1,0,1,1,1,1,1,1,1,1,1,1,0,1,1,1,1,0,1,0,0,0,543,1,0.0,3.0,32.666666666666664
A-019782,Company_142,DevTools,FR,2023-04-19,event,Enterprise,11,False,False,0,1,1,0,0,1,1,1,1,1,1,0,1,0,0,1,0,1,0,1,1,1,1,0,1,1,1,1,1,1,0,1,0,1,1,1,1,1,0,1,562,1,0.0,2.0,10.0
A-df10db,Company_143,DevTools,US,2023-06-06,other,Enterprise,2,True,False,1,1,1,1,0,1,1,1,1,1,1,1,0,1,1,0,0,1,1,0,1,1,1,1,1,1,1,1,0,1,1,0,1,0,1,1,1,0,1,1,697,1,1.0,2.0,68.5
A-3932db,Company_144,HealthTech,CA,2023-10-04,other,Pro,19,True,True,1,1,1,0,1,0,1,1,0,0,1,0,0,1,0,1,1,1,1,1,0,1,1,1,1,1,1,0,1,1,1,1,1,1,1,0,1,1,0,0,434,1,0.0,6.0,41.0
A-4f18f0,Company_145,DevTools,CA,2024-04-21,other,Pro,24,True,False,1,0,1,0,1,1,1,1,1,1,1,1,1,1,1,0,1,1,1,1,1,0,1,1,1,1,1,1,1,1,1,0,1,1,1,1,1,0,0,1,544,0,1.0,5.0,39.2
A-4c6f11,Company_146,FinTech,CA,2023-11-27,organic,Pro,24,True,True,0,1,0,1,1,0,1,0,0,1,0,1,1,0,1,1,0,0,1,0,1,0,0,0,1,0,1,1,0,1,0,1,1,1,0,0,0,1,1,0,268,0,1.0,3.0,44.666666666666664
A-8ae05d,Company_147,FinTech,IN,2024-04-06,other,Enterprise,86,False,False,0,0,0,0,0,0,0,1,1,0,0,0,1,0,0,0,1,1,0,1,1,1,0,0,1,1,0,1,1,0,1,0,0,1,1,0,0,1,0,0,203,0,1.0,1.0,47.0
A-b78bf8,Company_148,DevTools,US,2024-11-15,event,Pro,33,False,False,1,1,0,1,1,0,0,1,1,1,0,0,1,1,1,0,1,0,0,1,1,0,1,1,0,1,0,0,0,0,1,1,1,0,1,1,0,1,1,1,421,1,1.0,5.0,24.2
A-eafc6e,Company_149,DevTools,US,2023-07-06,partner,Pro,27,False,True,1,0,1,1,0,1,0,0,1,1,1,1,1,1,0,1,1,0,0,0,1,1,0,0,0,1,1,0,0,1,1,1,1,0,1,0,0,0,1,1,300,0,1.0,1.0,64.0
A-37f969,Company_150,HealthTech,IN,2023-10-14,partner,Enterprise,30,False,False,1,1,1,0,0,1,1,1,1,1,0,0,0,1,1,0,0,1,0,0,1,1,1,1,1,1,1,0,1,1,1,0,1,0,1,1,0,0,1,0,312,1,1.0,5.0,22.2
A-10b8f2,Company_151,HealthTech,DE,2023-01-11,organic,Basic,47,True,False,1,1,0,0,0,0,0,1,1,1,1,0,0,1,1,1,1,1,0,1,1,1,0,0,1,1,1,1,1,1,1,1,1,1,1,1,1,1,1,0,560,1,1.0,3.0,46.333333333333336
A-439b2f,Company_152,DevTools,US,2024-02-21,ads,Enterprise,1,False,True,1,0,1,1,1,0,0,1,0,1,1,1,0,1,0,0,1,0,0,0,0,0,0,1,0,0,0,0,0,1,0,1,0,0,0,0,0,1,0,0,171,1,1.0,3.0,18.333333333333332
A-544d0a,Company_153,DevTools,US,2024-05-02,organic,Basic,2,True,False,0,1,1,0,0,0,0,0,1,1,1,1,1,1,1,1,1,1,0,1,1,1,1,1,0,0,1,1,1,0,1,1,0,1,1,0,1,0,1,1,510,1,0.0,2.0,38.5
A-ba6516,Company_154,FinTech,US,2023-10-29,ads,Pro,27,False,False,1,0,0,1,1,1,0,0,1,0,1,1,1,1,1,1,1,1,1,1,1,1,1,1,1,0,0,1,1,1,0,0,1,1,1,1,1,1,1,1,642,1,1.0,6.0,31.5
A-712426,Company_155,HealthTech,US,2024-11-10,other,Enterprise,9,False,False,0,0,1,0,1,1,1,0,1,1,0,1,1,1,1,1,0,1,1,1,1,1,1,1,1,1,1,1,1,1,0,1,1,1,1,1,1,1,0,1,696,1,1.0,6.0,37.333333333333336
A-038089,Company_156,DevTools,FR,2023-12-19,other,Pro,5,False,True,0,1,0,0,1,1,0,0,0,0,0,0,1,0,0,0,0,1,0,1,0,0,0,1,0,0,0,0,1,1,1,1,1,1,1,1,0,0,0,0,210,0,1.0,6.0,30.166666666666668
A-afa505,Company_157,DevTools,US,2023-12-27,partner,Basic,70,True,False,0,1,0,1,1,1,1,1,1,1,1,1,1,1,1,1,1,0,1,1,1,0,0,1,1,0,1,1,1,1,1,1,1,1,1,1,1,1,1,0,507,1,1.0,4.0,37.25
A-d5a319,Company_158,FinTech,US,2023-05-04,other,Enterprise,15,False,True,0,0,1,0,1,0,0,1,1,1,1,1,0,1,1,1,1,1,1,0,1,1,1,1,1,1,1,1,1,1,1,1,1,1,0,1,1,1,1,1,604,1,0.0,1.0,17.0
A-f97b9a,Company_159,FinTech,US,2023-07-09,event,Pro,16,False,False,1,1,1,0,0,1,1,0,1,1,1,1,1,1,0,1,1,1,0,0,1,1,0,1,1,0,1,1,1,1,1,0,1,0,1,1,0,1,1,1,561,1,0.0,7.0,31.714285714285715
A-2f6a32,Company_160,HealthTech,US,2024-08-26,organic,Basic,19,False,False,0,1,1,1,1,1,1,1,1,1,0,0,1,0,1,1,0,1,0,1,1,1,1,1,1,1,1,1,1,1,1,1,0,1,1,0,1,1,1,1,654,1,0.0,2.0,41.0
A-856b1e,Company_161,FinTech,US,2023-10-31,partner,Basic,19,False,False,0,0,0,0,1,0,0,0,1,1,0,0,0,1,0,0,1,1,0,0,0,0,1,1,0,0,0,1,0,1,1,1,1,0,1,1,0,0,1,1,230,1,0.0,5.0,36.0
A-17939a,Company_162,HealthTech,US,2024-12-26,organic,Basic,1,False,False,1,1,0,1,1,1,1,0,1,0,1,1,1,0,0,0,1,0,1,1,1,1,1,0,0,0,1,1,0,1,1,0,0,1,1,1,0,0,1,1,440,0,0.0,7.0,38.0
A-d27f50,Company_163,Cybersecurity,UK,2024-07-20,ads,Enterprise,44,False,False,1,1,1,0,1,1,1,1,0,0,0,1,1,1,1,0,1,1,0,1,1,1,0,1,1,1,1,0,1,1,1,0,1,1,0,1,0,1,1,1,481,1,0.0,4.0,37.5
A-e36807,Company_164,EdTech,AU,2024-05-17,other,Pro,6,False,False,1,0,1,1,1,1,1,1,1,1,0,1,0,0,0,1,1,1,1,0,0,1,1,1,1,1,1,1,1,1,1,1,0,0,1,0,0,0,0,1,446,0,0.0,2.0,41.0
A-ff79f2,Company_165,DevTools,US,2024-04-25,ads,Basic,8,False,True,0,0,1,1,1,0,1,1,0,1,0,0,1,1,1,1,1,1,0,1,1,1,0,1,1,1,1,1,0,0,0,1,0,1,1,0,0,0,1,0,393,1,0.0,2.0,50.0
A-5b1bcd,Company_166,DevTools,US,2023-09-16,organic,Pro,73,False,False,1,1,1,1,1,1,1,1,1,1,1,1,1,1,1,1,1,0,0,1,1,1,1,0,1,0,1,0,1,1,1,1,1,1,1,1,1,1,1,0,869,1,1.0,4.0,43.25
A-71615e,Company_167,EdTech,US,2024-05-18,organic,Basic,15,False,False,1,1,1,1,0,1,1,1,1,1,0,1,1,0,0,0,1,1,0,0,1,1,1,0,0,1,1,1,0,1,0,1,1,1,1,1,1,1,1,1,620,1,1.0,1.0,49.0
A-794a0b,Company_168,HealthTech,DE,2023-06-02,organic,Basic,23,False,False,0,1,0,1,1,1,1,1,0,1,1,1,0,1,0,1,1,1,1,0,0,1,1,1,1,0,1,1,0,1,0,1,0,1,1,1,1,0,1,1,347,0,1.0,0.0,
A-86902e,Company_169,HealthTech,IN,2023-05-02,other,Enterprise,34,False,False,1,0,1,1,1,1,1,1,1,1,1,1,1,1,1,1,1,1,1,1,1,1,1,1,1,0,1,0,1,0,0,1,0,1,1,0,1,1,0,1,628,1,1.0,9.0,40.888888888888886
A-0532a9,Company_170,FinTech,IN,2024-09-25,event,Pro,19,False,False,0,0,1,1,1,1,1,0,1,1,0,1,1,1,1,0,1,1,1,1,1,0,1,0,0,1,1,1,1,1,1,1,0,1,0,1,1,1,1,1,519,1,1.0,8.0,30.75
A-9779ad,Company_171,Cybersecurity,AU,2024-03-29,event,Pro,40,True,True,1,1,1,0,0,1,1,1,1,1,0,1,1,1,1,1,1,1,1,1,1,1,1,0,1,1,0,0,0,1,0,1,0,0,0,1,1,1,1,1,413,0,1.0,3.0,20.666666666666668
A-f45426,Company_172,HealthTech,US,2024-08-05,organic,Basic,9,False,False,1,1,1,1,1,1,0,1,1,1,1,1,1,1,1,0,0,1,1,1,1,1,1,0,0,1,1,1,1,1,1,0,1,1,1,1,0,1,1,1,624,0,1.0,3.0,17.0
A-c1e51e,Company_173,FinTech,US,2024-10-02,organic,Basic,3,False,False,0,1,1,1,1,1,0,1,1,1,1,1,0,1,0,0,1,1,1,1,0,1,1,1,1,1,1,1,0,1,0,1,0,1,0,0,1,0,1,1,518,1,1.0,5.0,40.0
A-fa3095,Company_174,FinTech,US,2023-09-03,ads,Basic,70,False,False,1,1,1,0,1,1,1,0,1,1,0,0,1,1,1,1,0,1,1,0,1,1,1,1,1,1,1,1,1,0,1,1,1,1,1,1,1,1,0,0,600,0,1.0,5.0,49.2
A-ad64c6,Company_175,DevTools,UK,2024-02-23,event,Pro,12,False,False,1,0,0,0,0,0,0,1,1,0,1,0,0,0,1,0,0,0,0,1,1,0,0,0,0,1,1,0,1,1,0,1,1,1,1,0,0,1,0,0,215,0,1.0,4.0,34.0
A-39b19f,Company_176,FinTech,US,2023-02-03,partner,Enterprise,1,False,False,1,1,1,1,1,1,1,0,1,0,0,1,1,1,0,1,1,1,0,1,1,1,1,1,1,1,0,1,1,1,1,1,1,1,1,0,0,0,1,0,530,1,1.0,6.0,47.833333333333336
A-56962b,Company_177,EdTech,UK,2024-04-09,partner,Enterprise,163,False,False,0,0,0,0,0,1,1,0,1,0,0,0,0,1,1,0,0,1,0,1,0,1,1,1,0,1,1,0,0,1,0,0,0,0,0,0,1,0,1,1,271,1,1.0,4.0,37.5
A-e60f9d,Company_178,FinTech,US,2024-08-26,other,Basic,29,False,False,0,0,1,1,1,1,1,0,1,1,0,1,1,1,1,1,1,1,1,1,1,0,1,1,1,1,1,0,0,1,1,1,1,1,0,1,1,0,1,0,629,0,0.0,2.0,70.5
A-88c6ca,Company_179,FinTech,DE,2024-10-25,ads,Basic,5,False,True,1,1,1,0,1,0,1,0,1,0,1,1,1,0,1,0,1,1,0,1,1,1,1,0,1,0,0,0,1,1,0,1,1,1,1,1,1,1,1,0,446,0,0.0,1.0,56.0
A-158f4e,Company_180,FinTech,IN,2023-03-03,other,Enterprise,61,False,False,0,1,0,1,1,0,0,1,1,0,1,1,1,1,1,1,1,1,1,1,1,1,1,0,1,1,1,1,0,1,1,1,1,1,1,0,1,1,1,1,453,0,1.0,5.0,27.6
A-5b051a,Company_181,Cybersecurity,US,2024-08-05,event,Enterprise,22,False,False,0,0,0,1,0,0,0,0,1,0,1,0,1,1,0,0,1,0,0,1,1,1,1,1,0,0,0,0,1,0,0,0,0,0,0,1,0,1,0,0,171,0,0.0,1.0,2.0
A-296d7c,Company_182,DevTools,DE,2023-11-08,other,Enterprise,2,False,False,1,1,0,0,0,1,1,0,0,0,1,0,0,1,0,1,1,1,1,0,1,0,1,0,1,0,1,1,0,0,1,1,1,1,0,0,0,1,0,1,357,0,1.0,5.0,50.4
A-1619f8,Company_183,DevTools,US,2024-05-20,organic,Pro,29,False,False,1,1,0,0,0,1,1,1,1,1,1,1,1,1,1,1,1,1,1,1,1,0,1,1,0,0,0,1,1,1,0,0,1,0,1,0,0,0,1,1,432,1,1.0,3.0,42.0
A-a1b80b,Company_184,HealthTech,US,2023-11-27,organic,Basic,16,False,False,1,1,1,0,1,1,1,1,1,1,1,1,1,1,1,1,0,1,1,0,0,1,1,1,1,0,0,1,0,1,1,1,1,1,1,1,1,1,1,1,749,1,1.0,4.0,41.0
A-139c3b,Company_185,HealthTech,US,2024-11-21,organic,Enterprise,10,True,True,1,0,0,0,1,1,1,0,0,1,1,1,1,1,1,0,0,1,0,1,1,0,1,0,1,1,1,1,1,1,1,1,1,0,1,0,0,1,1,1,478,1,0.0,9.0,28.444444444444443
A-702032,Company_186,HealthTech,US,2023-10-03,ads,Pro,28,False,False,1,1,0,1,0,1,0,0,1,0,1,1,1,1,0,0,0,0,1,0,0,0,0,0,0,0,1,1,1,0,1,0,1,1,1,1,0,1,0,0,285,1,1.0,4.0,26.0
A-7a0d69,Company_187,DevTools,DE,2024-06-15,ads,Enterprise,4,True,True,0,1,1,0,1,1,0,1,1,1,1,1,1,1,1,0,1,1,0,1,1,1,1,1,1,1,1,0,1,1,1,0,1,0,1,1,0,1,1,1,606,1,1.0,2.0,29.0
A-22d9d2,Company_188,DevTools,FR,2024-03-22,event,Pro,8,False,False,1,1,1,1,1,1,1,1,1,0,1,1,1,0,1,1,1,1,1,1,0,1,1,1,1,1,1,1,1,0,1,1,1,1,1,1,1,1,0,1,782,1,1.0,6.0,16.0
A-b9eed8,Company_189,Cybersecurity,US,2024-02-23,organic,Basic,11,False,False,1,1,1,1,1,1,1,1,1,0,0,1,0,0,0,1,1,1,0,1,1,0,1,1,0,1,1,1,0,1,1,0,1,1,0,1,1,1,1,1,623,0,1.0,5.0,29.2
A-dfbd31,Company_190,DevTools,UK,2023-12-04,partner,Enterprise,14,False,False,1,1,0,0,0,0,1,1,1,1,1,1,0,1,0,1,1,0,1,0,1,1,1,0,1,1,1,1,1,0,0,1,0,1,1,0,1,1,1,1,599,1,1.0,6.0,29.666666666666668
A-8e47ca,Company_191,HealthTech,US,2024-02-15,organic,Pro,19,False,False,1,1,1,1,1,0,1,0,1,1,1,1,0,1,0,1,0,0,1,0,1,1,1,1,1,0,1,1,0,1,1,0,1,1,1,1,0,1,1,1,441,1,1.0,5.0,33.4
A-4437e4,Company_192,Cybersecurity,US,2023-09-16,event,Enterprise,3,False,False,1,1,1,1,1,1,1,0,1,1,1,1,1,1,1,1,1,1,1,1,1,1,1,1,1,1,0,1,1,1,1,1,1,0,1,1,1,1,1,1,806,1,1.0,6.0,34.666666666666664
A-779e4e,Company_193,HealthTech,US,2023-01-02,organic,Basic,5,False,False,0,1,1,1,0,1,1,1,1,0,1,1,1,0,1,0,0,1,1,1,1,0,1,1,1,0,1,0,1,1,0,1,0,1,1,1,0,1,1,1,393,1,0.0,5.0,26.6
A-53f4e3,Company_194,Cybersecurity,UK,2024-06-14,event,Enterprise,13,False,False,1,0,1,1,1,1,1,0,1,1,0,0,0,1,1,1,1,1,1,1,0,1,0,1,0,1,1,1,0,1,1,1,0,0,1,1,1,1,1,1,410,0,1.0,5.0,28.6
A-692f18,Company_195,EdTech,US,2024-03-28,other,Basic,5,True,True,1,1,0,1,1,1,1,1,1,1,1,1,0,1,0,1,0,1,1,1,1,1,1,1,1,1,1,1,1,1,1,1,1,1,1,1,1,1,1,1,871,1,1.0,2.0,37.5
A-13466a,Company_196,DevTools,AU,2023-10-22,event,Basic,2,False,True,0,0,0,0,1,1,0,0,1,0,1,1,1,0,1,0,0,0,1,0,1,0,0,0,0,0,1,1,0,1,0,1,1,0,1,1,0,1,0,0,205,0,1.0,3.0,32.333333333333336
A-1986ca,Company_197,HealthTech,IN,2023-01-30,ads,Pro,20,False,False,1,1,1,1,1,1,0,0,1,1,1,1,0,1,1,1,1,0,1,1,1,1,0,1,1,1,1,0,1,1,0,1,1,0,0,0,0,0,0,0,362,1,0.0,7.0,36.57142857142857
A-0cc442,Company_198,EdTech,US,2024-07-18,organic,Basic,45,False,False,1,1,1,1,1,1,1,1,1,1,1,1,1,0,1,1,1,1,1,1,0,1,0,1,1,1,0,1,0,1,1,1,1,1,1,0,1,1,1,1,765,1,1.0,3.0,37.0
A-c608c8,Company_199,DevTools,DE,2023-04-27,ads,Pro,3,False,True,0,0,1,1,0,1,1,0,0,1,1,1,1,1,1,1,1,1,1,0,0,0,1,1,1,1,1,1,1,0,1,1,1,1,1,0,1,1,0,1,445,1,1.0,2.0,59.0
A-3be56b,Company_200,HealthTech,IN,2023-10-26,event,Pro,3,False,True,1,1,1,1,1,0,1,0,1,0,1,1,0,0,1,0,1,1,1,1,1,1,1,1,1,1,0,1,0,0,1,1,1,0,1,1,1,0,1,0,528,1,1.0,4.0,40.25
A-354f12,Company_201,FinTech,US,2024-04-28,ads,Pro,1,True,False,1,1,0,0,0,1,0,1,0,0,1,1,1,0,0,0,1,0,1,0,0,0,0,0,1,0,0,0,0,0,1,1,0,0,0,0,0,0,1,1,158,0,1.0,2.0,56.5
A-68f37c,Company_202,HealthTech,US,2023-07-15,ads,Basic,4,False,False,0,1,1,0,0,0,0,1,1,1,1,1,1,1,1,1,1,0,0,1,0,1,1,1,1,1,1,1,1,1,1,1,1,1,1,1,0,1,0,1,624,1,1.0,5.0,20.2
A-aa9511,Company_203,DevTools,US,2023-10-10,other,Pro,23,True,False,1,1,1,1,1,1,1,1,1,1,1,1,1,1,0,0,1,0,1,0,1,1,0,1,1,1,0,1,1,1,1,0,1,1,1,1,1,1,1,1,625,0,1.0,2.0,56.5
A-af0cd2,Company_204,Cybersecurity,IN,2023-01-03,other,Enterprise,19,True,False,1,1,1,1,1,0,1,1,0,1,0,1,1,1,1,1,1,1,1,1,1,0,1,1,1,0,0,1,1,1,0,1,1,1,1,1,1,0,1,0,687,1,1.0,3.0,54.333333333333336
A-bd4513,Company_205,DevTools,AU,2024-11-06,event,Enterprise,50,True,False,1,0,1,1,1,1,1,1,1,0,1,1,1,0,1,0,0,1,0,1,0,1,1,1,0,1,1,0,1,0,1,0,1,1,0,1,1,1,1,1,507,1,1.0,3.0,42.0
A-c222ab,Company_206,Cybersecurity,US,2024-05-10,other,Pro,32,False,True,1,0,1,1,1,1,1,1,1,0,1,1,0,1,1,1,0,0,0,0,1,1,1,1,1,1,1,1,1,0,0,1,0,1,1,1,1,0,0,0,435,1,1.0,4.0,39.0
A-34d880,Company_207,Cybersecurity,AU,2024-04-11,ads,Enterprise,4,False,False,0,1,0,1,1,1,1,1,1,0,1,1,0,0,1,1,1,1,1,1,1,1,1,0,1,1,1,0,1,1,1,1,1,1,1,0,0,0,0,1,474,0,1.0,5.0,52.2
A-508199,Company_208,FinTech,AU,2024-01-28,event,Basic,19,False,False,0,0,0,0,0,1,0,0,0,0,1,1,1,0,0,0,0,0,1,0,1,1,0,1,0,1,0,1,1,1,1,0,0,0,0,1,0,1,1,0,231,0,0.0,3.0,50.666666666666664
A-f03140,Company_209,DevTools,IN,2023-11-22,event,Pro,27,True,False,0,1,1,1,1,1,1,1,1,1,1,0,1,1,1,0,1,1,1,0,1,1,0,1,1,1,1,1,1,1,1,1,1,0,1,1,1,0,0,1,595,1,1.0,7.0,36.0
A-410e86,Company_210,FinTech,US,2024-11-10,organic,Basic,24,False,False,1,0,1,1,1,1,0,1,1,0,1,1,0,0,0,1,1,0,1,0,1,1,0,1,0,0,1,1,0,1,0,0,1,0,1,0,1,0,0,1,292,0,0.0,5.0,42.6
A-fa2041,Company_211,HealthTech,US,2024-05-29,organic,Pro,15,True,False,1,1,1,1,1,0,1,1,0,0,0,1,0,1,1,0,1,1,1,1,1,1,1,1,1,1,1,1,1,1,1,1,1,1,1,1,1,1,1,1,552,0,1.0,1.0,16.0
A-de58ca,Company_212,HealthTech,DE,2023-04-13,organic,Enterprise,15,False,False,1,0,1,1,1,1,1,0,0,1,1,1,1,1,0,1,0,0,0,1,1,1,0,1,1,1,0,1,0,1,1,1,1,1,1,0,1,0,1,1,505,0,0.0,5.0,30.6
A-05d3b3,Company_213,DevTools,AU,2023-05-28,ads,Basic,9,True,False,1,1,1,0,1,0,1,1,1,1,1,1,1,1,0,1,1,1,1,0,1,1,1,0,0,1,1,1,1,1,1,1,1,1,1,1,1,1,0,0,642,0,1.0,6.0,31.5
A-249769,Company_214,Cybersecurity,US,2024-04-25,event,Enterprise,4,False,True,1,1,1,0,1,1,0,1,1,0,1,1,1,1,0,1,1,1,0,1,1,1,1,1,0,1,1,1,1,1,1,0,1,1,0,1,1,0,1,1,678,0,1.0,2.0,39.5
A-e43bf7,Company_215,Cybersecurity,AU,2023-03-24,other,Pro,44,False,False,1,1,1,1,1,1,0,0,1,1,1,0,1,1,0,0,1,0,0,0,1,1,1,0,1,1,0,0,1,1,1,1,1,1,0,0,1,1,1,0,371,1,1.0,5.0,27.4
A-eb2fdc,Company_216,DevTools,AU,2023-11-21,organic,Enterprise,31,False,True,0,0,1,1,1,1,1,1,1,1,1,0,0,0,1,1,1,1,0,1,1,1,1,0,1,1,1,1,1,0,0,0,1,1,1,1,0,1,1,1,547,0,1.0,5.0,33.6
A-e1462e,Company_217,FinTech,UK,2023-03-12,partner,Basic,15,False,False,0,1,1,1,1,1,1,1,0,1,1,0,1,1,0,0,1,0,0,0,1,1,0,0,0,0,0,1,1,1,1,1,1,1,1,0,1,1,1,1,347,1,1.0,2.0,39.5
A-cab532,Company_218,DevTools,FR,2023-04-03,organic,Pro,11,True,False,1,1,1,1,1,1,1,1,1,1,1,1,1,1,1,1,1,1,1,0,1,1,1,1,1,1,1,1,1,1,1,1,1,0,1,1,1,1,1,1,1005,1,1.0,1.0,32.0
A-9123ac,Company_219,Cybersecurity,DE,2023-06-20,organic,Pro,9,False,False,1,1,1,1,1,0,1,1,1,1,0,1,0,0,1,1,1,0,1,1,0,1,1,1,1,1,1,1,0,0,1,1,1,1,0,0,1,1,0,0,386,0,1.0,6.0,38.833333333333336
A-6e08f3,Company_220,Cybersecurity,US,2023-02-27,event,Basic,8,False,False,0,0,1,1,1,0,1,1,1,0,1,1,1,1,1,0,1,1,1,0,1,0,1,1,1,1,1,1,0,1,1,1,0,1,1,0,1,1,0,0,492,1,1.0,2.0,36.5
A-d922bf,Company_221,HealthTech,US,2023-09-08,ads,Basic,5,True,True,1,1,1,1,0,0,1,1,1,1,0,0,1,1,1,1,0,0,0,0,0,1,1,0,1,1,1,0,1,1,1,1,1,0,0,1,0,1,0,0,419,0,1.0,7.0,39.142857142857146
A-8ed5dd,Company_222,EdTech,UK,2023-06-29,event,Enterprise,5,False,True,1,1,1,0,0,1,0,0,1,0,1,1,1,1,0,0,1,1,1,1,1,1,1,1,1,1,0,1,0,1,1,1,1,1,0,1,1,0,1,1,545,1,1.0,6.0,29.0
A-7c6b6b,Company_223,FinTech,US,2024-11-30,other,Basic,6,False,False,1,0,0,1,1,0,1,0,1,1,1,0,1,0,0,1,1,0,1,0,1,0,1,0,0,1,0,1,0,1,0,1,1,0,1,0,1,1,1,0,311,0,1.0,5.0,52.2
A-3c1a3f,Company_224,DevTools,UK,2023-08-26,event,Pro,1,False,False,1,1,1,1,1,1,1,1,1,1,1,0,1,1,1,1,1,1,1,0,1,0,1,0,0,1,1,1,1,1,0,1,0,1,1,1,0,1,1,0,497,0,0.0,4.0,33.25
A-b48f73,Company_225,EdTech,AU,2024-11-13,event,Pro,80,True,False,1,0,0,0,1,1,0,1,1,1,1,1,1,1,0,1,0,1,0,1,1,1,0,0,1,1,1,1,0,0,1,1,0,1,0,0,1,0,0,1,412,0,0.0,3.0,28.666666666666668
A-76fa4d,Company_226,HealthTech,US,2024-11-24,event,Pro,69,False,False,0,1,1,0,1,1,1,1,1,0,0,0,1,1,0,1,1,0,1,1,0,0,1,1,1,0,0,1,0,1,0,0,0,1,1,0,0,0,0,1,357,0,1.0,5.0,33.4
A-b2af2e,Company_227,Cybersecurity,UK,2024-08-24,event,Enterprise,5,False,False,1,1,0,0,0,0,0,0,1,1,0,0,0,1,1,0,0,1,0,1,0,0,0,0,1,1,1,0,0,0,0,0,0,0,0,1,0,1,0,1,174,0,1.0,2.0,39.5
A-9bfc9f,Company_228,DevTools,CA,2023-09-14,ads,Pro,53,False,False,0,0,1,0,1,0,1,1,1,1,1,0,1,1,0,1,1,0,1,1,0,1,0,1,0,0,1,0,0,0,0,1,1,1,1,1,0,1,0,1,376,1,0.0,6.0,35.333333333333336
A-4ae22a,Company_229,EdTech,US,2024-05-09,other,Pro,6,False,True,0,1,1,1,1,0,1,1,0,1,0,0,0,1,0,0,1,0,0,0,1,1,1,0,0,0,1,1,1,1,1,0,1,1,1,0,1,1,1,1,369,0,1.0,3.0,14.333333333333334
A-fda07f,Company_230,Cybersecurity,FR,2024-08-11,partner,Basic,7,False,False,1,1,1,0,1,1,1,0,1,0,1,1,1,1,1,0,0,0,1,1,1,0,1,1,1,1,1,1,1,1,1,0,1,1,1,1,1,1,0,1,681,1,1.0,5.0,17.8
A-de24d5,Company_231,DevTools,US,2024-11-05,other,Enterprise,5,True,False,1,0,1,1,0,1,1,1,0,1,1,1,1,0,0,1,1,0,0,1,1,1,0,0,1,0,1,0,1,1,1,1,1,1,1,1,0,1,1,1,537,0,0.0,7.0,43.142857142857146
A-977ca0,Company_232,HealthTech,IN,2023-02-20,partner,Basic,6,False,True,1,1,1,1,1,1,1,1,0,1,1,1,1,1,1,1,1,1,1,1,1,1,1,1,0,1,1,1,1,1,1,1,1,1,1,1,1,1,1,1,893,1,0.0,3.0,64.0
A-ab438f,Company_233,Cybersecurity,US,2024-09-13,ads,Enterprise,13,False,True,1,1,0,1,1,1,1,0,0,0,1,1,0,1,1,0,1,1,1,1,1,0,0,1,0,1,1,0,0,1,0,1,1,1,0,0,1,1,0,1,369,1,1.0,2.0,33.5
A-e89151,Company_234,FinTech,UK,2023-09-14,organic,Pro,8,True,True,1,0,0,0,1,1,1,0,1,1,1,1,1,0,0,1,0,1,1,1,1,0,1,1,1,1,0,1,1,1,1,0,1,1,1,1,1,1,1,1,601,1,0.0,2.0,41.5
A-40906c,Company_235,EdTech,US,2024-03-27,ads,Basic,92,False,False,1,1,0,1,1,1,1,1,1,1,1,0,1,1,1,1,1,1,1,1,1,1,1,1,1,1,1,0,1,0,1,0,0,1,1,1,0,1,0,1,685,0,0.0,5.0,29.2
A-81edc3,Company_236,Cybersecurity,IN,2023-10-30,ads,Basic,5,False,False,1,1,0,1,0,1,1,1,1,1,1,1,1,1,0,1,1,0,1,0,1,1,1,1,1,1,1,1,1,1,0,1,1,0,1,1,1,1,1,1,765,1,1.0,3.0,52.666666666666664
A-328bd0,Company_237,HealthTech,AU,2023-05-16,partner,Enterprise,18,False,False,1,1,1,0,1,1,1,0,1,1,1,1,1,1,1,1,1,1,1,1,1,1,1,0,0,1,0,1,1,1,1,0,0,1,0,0,0,1,1,1,568,1,0.0,5.0,46.0
A-b3fe05,Company_238,Cybersecurity,CA,2024-05-28,partner,Pro,8,False,False,1,1,1,1,1,1,1,0,1,0,1,1,1,1,0,1,1,1,1,1,0,1,0,1,0,1,1,1,0,1,0,1,1,1,0,0,1,0,1,1,438,0,0.0,4.0,48.25
A-09540c,Company_239,Cybersecurity,CA,2023-10-30,event,Basic,67,True,False,1,1,1,0,0,1,1,0,1,0,0,0,1,1,1,0,0,1,0,1,1,0,0,1,0,0,1,1,0,1,1,1,1,0,0,0,0,1,0,0,297,1,1.0,2.0,28.0
A-e693b6,Company_240,FinTech,AU,2023-05-25,event,Enterprise,55,False,True,1,1,1,1,1,1,0,1,1,1,0,1,1,1,1,1,1,1,0,0,0,0,1,1,1,0,1,1,1,1,1,0,1,1,0,1,1,1,1,1,681,1,1.0,1.0,1.0
A-2446e3,Company_241,EdTech,IN,2024-01-10,organic,Pro,27,False,False,1,1,0,1,0,0,1,1,1,1,1,0,1,0,1,1,0,0,1,1,1,1,1,0,1,0,0,1,0,1,1,1,1,0,1,1,1,1,1,1,496,1,1.0,3.0,28.666666666666668
A-241e75,Company_242,EdTech,US,2024-07-03,partner,Enterprise,3,False,False,1,1,0,0,0,0,0,1,0,0,0,0,0,0,1,0,1,0,1,1,1,0,1,1,0,0,1,0,1,0,0,1,1,0,0,1,0,1,1,0,266,0,1.0,4.0,31.5
A-922109,Company_243,Cybersecurity,US,2024-01-26,ads,Pro,3,False,False,1,1,1,0,1,1,1,1,1,1,1,1,1,0,0,1,1,1,1,1,1,1,1,1,1,1,1,1,1,1,1,1,1,1,0,0,1,1,1,1,819,0,1.0,3.0,25.333333333333332
A-ff3c73,Company_244,HealthTech,AU,2023-01-26,other,Pro,21,False,False,1,0,1,0,1,0,1,1,1,1,1,1,0,0,0,1,1,0,1,0,1,0,1,1,1,1,0,1,1,1,1,1,0,1,1,1,1,1,1,1,408,1,1.0,2.0,35.5
A-8b0451,Company_245,FinTech,UK,2024-09-16,event,Enterprise,41,False,False,0,1,1,0,1,1,1,1,1,0,0,1,1,1,1,1,1,1,0,1,1,1,1,1,1,1,1,0,1,1,1,1,1,1,1,1,1,0,0,1,606,0,1.0,7.0,26.571428571428573
A-331424,Company_246,DevTools,US,2023-11-06,organic,Basic,11,False,False,1,0,1,0,1,1,0,0,1,1,1,0,0,0,0,0,0,0,0,0,0,0,0,1,0,1,1,0,1,1,0,0,0,1,0,1,1,1,0,1,214,0,1.0,2.0,24.5
A-51ec1b,Company_247,DevTools,US,2023-11-08,ads,Enterprise,7,False,False,0,1,0,0,1,0,1,1,1,1,1,0,0,1,1,0,0,1,0,1,1,1,0,1,1,0,0,0,1,0,0,0,1,0,1,0,0,0,0,1,283,1,1.0,3.0,52.333333333333336
A-bcf664,Company_248,DevTools,US,2023-05-19,other,Pro,5,False,False,1,1,1,0,1,1,1,0,1,0,1,1,1,1,1,1,1,1,1,1,0,1,1,1,1,1,0,1,0,1,1,1,0,1,1,0,1,1,1,0,575,0,1.0,5.0,36.0
A-90a8c8,Company_249,FinTech,AU,2024-08-24,organic,Pro,15,False,False,0,0,0,1,0,0,1,1,1,0,1,0,1,0,1,0,0,1,1,1,1,1,0,1,1,1,1,1,1,0,1,1,1,1,0,0,0,0,1,0,404,1,1.0,4.0,45.0
A-86cdb4,Company_250,DevTools,DE,2024-09-22,partner,Basic,2,False,False,0,1,1,1,0,1,1,0,1,0,1,1,1,1,0,1,1,0,0,1,1,1,1,1,0,1,1,0,0,1,1,1,1,1,1,1,0,1,0,0,492,0,0.0,5.0,26.4
A-4bfa33,Company_251,Cybersecurity,US,2024-12-07,event,Basic,8,True,False,0,0,1,0,0,1,1,1,1,1,1,0,1,1,1,0,0,0,1,0,1,1,0,0,1,0,1,1,0,1,1,1,0,1,0,1,0,0,1,1,329,0,1.0,4.0,16.5
A-dbc825,Company_252,EdTech,FR,2024-01-07,partner,Enterprise,19,False,False,1,1,1,1,1,0,1,1,0,1,0,1,1,1,1,1,1,0,1,1,1,1,1,0,1,1,1,1,1,1,1,1,0,1,1,1,1,1,1,1,730,1,1.0,6.0,49.5
A-c70870,Company_253,Cybersecurity,US,2024-10-22,partner,Basic,31,False,False,1,0,0,1,0,0,1,1,1,1,0,0,0,1,1,0,1,0,0,0,1,0,1,1,0,0,1,1,0,1,0,0,1,1,1,1,1,1,1,1,334,1,1.0,5.0,35.6
A-7c4956,Company_254,DevTools,US,2023-05-06,ads,Enterprise,5,False,True,0,0,1,1,1,0,0,0,1,0,1,1,1,0,1,1,1,1,1,0,1,1,1,1,1,1,0,0,1,0,1,0,1,0,1,1,1,1,1,1,475,0,0.0,3.0,13.666666666666666
A-0651a4,Company_255,HealthTech,FR,2024-10-16,organic,Pro,16,False,False,1,1,0,1,1,1,1,1,1,1,0,0,0,1,1,1,1,1,1,1,1,1,1,1,1,1,1,1,0,1,1,1,1,1,1,1,1,0,1,1,705,0,1.0,4.0,29.25
A-3ce5b8,Company_256,FinTech,IN,2023-09-07,ads,Basic,8,False,True,1,1,1,0,1,1,1,1,0,0,0,1,1,1,1,0,1,1,1,1,1,1,0,1,1,1,1,0,0,0,1,1,1,0,1,1,1,0,1,1,509,0,1.0,10.0,42.5
A-bd4708,Company_257,FinTech,US,2024-07-21,ads,Pro,37,True,False,1,1,1,1,1,1,1,0,1,1,0,1,1,0,1,1,1,1,0,1,1,1,1,1,0,1,1,1,1,1,0,1,0,1,1,1,1,1,1,1,653,1,0.0,4.0,24.0
A-993085,Company_258,HealthTech,US,2023-06-01,ads,Basic,31,True,False,1,0,1,1,0,1,1,1,1,1,1,1,0,1,1,1,1,1,1,1,1,0,1,1,1,0,1,1,1,1,0,1,0,1,1,1,1,1,1,1,665,1,1.0,4.0,46.5
A-92a3af,Company_259,Cybersecurity,IN,2024-07-07,organic,Enterprise,25,False,False,1,0,1,1,1,1,1,1,1,1,1,0,1,1,1,1,1,1,0,1,1,1,1,0,1,1,0,1,1,1,1,1,1,1,1,1,1,1,1,1,714,0,0.0,4.0,57.5
A-151c9a,Company_260,FinTech,US,2023-01-27,ads,Enterprise,23,False,False,1,1,0,1,1,0,1,1,1,0,1,1,0,1,1,1,1,1,0,0,1,1,0,1,1,1,0,1,0,1,1,1,0,0,1,0,1,1,1,1,366,0,1.0,2.0,31.0
A-474ad4,Company_261,EdTech,US,2023-11-28,organic,Basic,8,False,False,1,1,0,1,0,1,1,1,1,0,1,1,1,0,1,1,1,0,1,1,1,1,1,1,0,1,1,1,1,1,1,1,1,1,1,1,1,1,1,1,605,1,0.0,3.0,33.0
A-4ef964,Company_262,HealthTech,US,2024-03-07,organic,Pro,17,False,False,1,1,1,1,1,1,1,1,1,1,1,0,0,0,0,1,0,1,1,1,1,0,1,1,1,0,0,1,1,1,1,1,1,1,1,1,0,1,1,1,487,0,1.0,3.0,42.666666666666664
A-fd9422,Company_263,Cybersecurity,US,2024-04-04,organic,Pro,58,False,False,1,1,1,1,0,1,1,1,1,1,1,1,0,1,0,1,0,1,1,0,1,1,0,0,1,1,1,0,1,1,1,0,0,1,1,1,0,1,0,0,456,1,0.0,6.0,44.333333333333336
A-0baac2,Company_264,FinTech,DE,2024-05-30,organic,Enterprise,14,False,True,1,1,0,1,1,1,0,0,0,0,0,0,0,1,1,0,1,0,1,1,1,0,0,0,1,1,0,1,0,1,1,1,0,1,1,0,0,0,0,0,202,0,1.0,6.0,43.5
A-bb1486,Company_265,HealthTech,US,2024-11-05,organic,Basic,41,False,False,0,1,1,1,1,0,1,0,0,0,0,1,1,0,1,1,1,0,1,1,0,0,1,0,0,0,0,1,1,1,0,1,1,1,1,1,1,1,1,0,405,0,1.0,3.0,11.0
A-560d27,Company_266,DevTools,US,2024-05-05,organic,Pro,23,False,False,1,1,1,0,1,0,0,1,0,1,0,1,1,1,1,1,1,1,0,1,1,1,0,1,1,1,1,1,1,1,0,0,0,1,1,0,1,0,1,0,587,1,0.0,4.0,30.75
A-0b0d6d,Company_267,DevTools,US,2024-12-30,organic,Pro,3,False,False,1,0,1,1,0,1,1,1,1,1,1,1,1,1,0,0,1,0,0,1,1,1,1,1,1,0,1,1,1,1,1,1,1,1,1,0,1,1,1,1,582,1,1.0,5.0,31.4
A-2789e3,Company_268,FinTech,US,2024-09-14,partner,Enterprise,11,False,False,1,1,1,1,0,1,0,1,1,1,1,0,1,1,1,1,0,1,1,1,1,1,1,1,1,0,1,1,1,0,1,1,1,1,1,0,1,1,1,1,680,1,0.0,4.0,47.25
A-b07346,Company_269,HealthTech,US,2024-10-10,partner,Pro,51,False,True,1,0,0,1,0,1,0,0,1,1,1,1,0,0,1,1,0,1,0,1,1,1,1,1,1,1,0,1,0,1,0,0,0,0,1,1,1,1,0,0,326,1,1.0,3.0,42.333333333333336
A-902ef7,Company_270,HealthTech,US,2024-09-03,other,Enterprise,83,False,True,1,1,1,1,1,1,1,0,1,1,1,1,0,1,0,0,1,1,1,1,1,0,1,1,1,1,0,1,0,1,0,1,1,0,1,1,1,1,1,1,414,1,1.0,2.0,48.5
A-20736a,Company_271,EdTech,IN,2024-03-16,organic,Enterprise,50,False,False,1,0,0,1,1,1,0,1,1,0,1,0,0,1,1,0,1,0,1,1,1,0,1,0,0,1,0,1,1,0,1,1,1,1,1,0,0,0,0,0,430,1,1.0,4.0,42.25
A-e4bf56,Company_272,HealthTech,IN,2024-10-28,ads,Pro,17,False,True,0,1,1,1,1,0,1,1,0,0,1,0,1,1,0,0,1,0,1,0,1,1,0,0,0,1,1,0,1,1,1,1,1,1,0,1,0,1,1,1,339,0,0.0,8.0,29.125
A-cea1f0,Company_273,FinTech,US,2024-04-07,event,Pro,8,False,True,1,0,0,0,0,1,1,1,1,1,1,1,1,1,1,1,1,1,1,0,0,1,1,0,0,1,1,0,0,0,1,1,1,1,1,1,1,1,1,0,586,1,0.0,5.0,42.2
A-ef84cf,Company_274,EdTech,US,2024-03-01,partner,Enterprise,8,False,False,1,1,0,1,0,1,0,1,0,0,1,0,0,0,1,1,1,1,0,1,1,0,0,1,1,1,1,0,0,1,0,0,0,1,0,1,0,1,1,0,309,0,1.0,5.0,34.8
A-d49cc5,Company_275,Cybersecurity,FR,2023-09-19,event,Basic,50,False,False,0,1,0,1,1,0,1,1,1,1,1,0,1,1,1,1,1,1,1,0,0,1,0,1,1,1,0,1,0,1,0,0,1,1,0,1,1,1,1,0,436,0,1.0,4.0,32.0
A-67be94,Company_276,EdTech,US,2023-04-04,organic,Enterprise,26,False,False,1,1,1,0,1,1,0,0,1,1,0,1,1,0,0,1,1,1,1,1,0,1,1,0,1,0,1,1,1,0,0,1,0,1,0,1,1,1,0,1,416,1,1.0,5.0,38.6
A-4e960a,Company_277,FinTech,US,2024-01-17,other,Enterprise,12,True,True,0,1,1,0,0,1,0,1,0,1,1,1,1,1,1,1,1,0,1,0,0,1,0,1,1,1,0,1,1,1,1,1,1,1,1,1,1,1,1,0,512,0,0.0,6.0,29.166666666666668
A-c37cab,Company_278,Cybersecurity,UK,2024-07-29,event,Pro,13,False,False,0,1,0,1,1,1,1,1,1,1,1,1,1,1,1,1,1,1,1,0,1,1,1,1,1,1,0,1,1,0,1,0,1,1,0,1,1,1,1,0,708,1,1.0,4.0,33.0
A-533452,Company_279,DevTools,AU,2024-11-12,organic,Pro,9,False,False,1,1,0,1,1,1,1,1,1,1,1,1,1,1,1,1,1,1,0,1,1,1,1,1,1,0,1,1,0,0,0,0,1,1,1,1,0,1,1,1,595,1,1.0,4.0,32.75
A-443b7c,Company_280,Cybersecurity,US,2024-09-06,other,Enterprise,1,False,True,1,1,0,1,1,1,1,1,1,0,0,1,0,1,1,1,1,0,0,1,1,1,1,0,1,1,0,1,0,0,0,1,1,1,1,1,1,1,1,0,618,1,0.0,8.0,29.25
A-1f7acb,Company_281,FinTech,UK,2023-08-06,ads,Basic,64,True,False,1,1,1,1,0,0,1,1,0,1,1,1,1,1,0,0,1,1,0,1,0,0,0,0,0,1,1,1,1,1,1,1,1,1,1,0,0,0,1,1,510,1,0.0,7.0,41.714285714285715
A-f51f16,Company_282,HealthTech,US,2023-12-25,partner,Enterprise,1,False,False,1,1,1,1,1,0,1,1,1,0,1,1,1,0,0,0,1,1,0,1,0,0,0,1,0,1,1,1,1,1,1,0,1,1,0,1,0,0,1,0,384,1,1.0,4.0,29.25
A-5a3eb9,Company_283,DevTools,CA,2023-08-20,other,Enterprise,18,True,False,1,1,1,0,1,1,1,1,1,1,1,1,1,1,1,1,1,1,1,1,1,1,0,1,1,1,1,1,1,1,1,0,1,0,0,1,1,0,1,1,722,0,1.0,3.0,24.0
A-5f2961,Company_284,HealthTech,US,2024-11-22,partner,Basic,4,False,False,1,0,0,1,1,1,0,1,0,0,0,1,1,0,0,0,0,1,0,1,1,0,0,1,1,1,0,1,1,0,0,1,1,0,1,1,0,1,1,1,348,0,1.0,1.0,53.0
A-417d2f,Company_285,Cybersecurity,IN,2023-07-04,partner,Pro,4,True,False,0,1,1,1,1,1,1,1,1,1,1,1,1,1,1,1,1,1,1,1,1,0,1,1,1,1,1,1,1,1,1,1,1,1,1,0,1,1,1,1,722,1,1.0,6.0,43.5
A-e98302,Company_286,EdTech,US,2023-12-26,ads,Enterprise,16,True,False,1,0,0,0,1,0,1,0,1,1,1,0,0,1,0,0,1,0,0,0,1,1,0,1,1,1,1,0,1,0,0,1,1,0,1,1,1,1,0,0,273,0,0.0,9.0,44.44444444444444
A-8bde0c,Company_287,DevTools,US,2024-11-04,organic,Basic,12,False,False,1,1,1,1,1,1,1,1,1,1,1,0,0,1,0,1,1,0,1,1,1,1,1,0,1,1,1,1,1,1,1,1,1,1,1,1,1,1,0,1,773,1,1.0,3.0,25.666666666666668
A-bcf87c,Company_288,FinTech,US,2024-06-27,event,Pro,10,False,True,1,1,1,1,1,0,1,1,1,0,1,0,1,1,0,0,1,0,0,1,1,1,0,0,1,1,1,0,1,1,1,1,1,0,0,1,0,1,0,1,503,0,0.0,2.0,63.0
A-54ecc2,Company_289,Cybersecurity,US,2023-06-11,partner,Enterprise,4,False,False,1,1,1,1,1,0,1,0,0,1,1,1,0,1,0,0,1,1,1,1,1,1,1,0,0,1,1,0,1,1,1,1,1,1,1,1,0,1,0,0,607,0,1.0,5.0,37.4
A-625d0b,Company_290,EdTech,AU,2024-09-02,ads,Basic,9,False,False,1,1,1,1,1,1,0,0,1,1,1,1,1,1,1,1,1,0,0,1,1,1,1,0,1,1,1,1,0,0,1,1,1,1,1,1,1,0,1,1,529,0,0.0,5.0,48.4
A-fce879,Company_291,EdTech,UK,2024-09-24,partner,Pro,10,True,True,0,0,1,0,1,1,1,1,0,1,1,1,0,0,1,0,1,1,1,0,1,1,1,0,0,1,0,0,1,0,1,1,0,1,0,1,1,1,1,1,299,0,1.0,2.0,28.0
A-b07b56,Company_292,DevTools,US,2024-11-08,event,Pro,25,False,True,1,1,1,1,1,1,1,0,0,1,1,1,1,1,1,0,0,1,1,1,1,1,0,0,1,1,1,1,1,1,1,1,1,1,1,1,0,0,1,1,633,0,1.0,4.0,31.25
A-6da850,Company_293,FinTech,IN,2023-10-07,organic,Pro,5,False,False,0,1,1,1,1,0,1,1,0,1,1,1,0,1,1,0,1,1,1,1,0,1,0,1,0,1,1,1,1,1,0,1,1,1,0,1,1,1,1,1,714,1,1.0,5.0,49.0
A-342303,Company_294,EdTech,US,2024-03-16,other,Pro,1,True,False,0,0,1,0,0,0,1,0,0,1,0,1,1,0,1,0,1,0,0,1,0,1,0,0,0,0,0,0,0,0,0,0,0,0,0,0,1,1,1,0,141,0,1.0,3.0,29.333333333333332
A-e7a1e2,Company_295,Cybersecurity,US,2024-06-23,event,Enterprise,3,False,False,1,1,1,1,1,1,1,1,1,1,1,1,1,0,1,1,1,1,1,1,1,1,0,1,1,1,1,1,1,1,1,1,1,1,0,1,0,1,1,1,703,0,1.0,1.0,45.0
A-f1f639,Company_296,EdTech,US,2023-02-26,ads,Basic,2,False,False,0,0,1,0,1,0,0,0,0,0,0,1,1,0,0,0,0,1,1,1,0,0,1,1,0,0,0,0,0,1,0,0,1,0,0,0,0,0,1,0,139,1,1.0,7.0,20.0
A-a865bd,Company_297,Cybersecurity,US,2023-09-19,organic,Pro,38,False,False,1,0,1,1,0,0,0,1,0,1,1,0,0,1,1,1,0,1,0,1,1,1,1,0,0,1,1,0,0,0,1,0,1,0,0,0,0,0,0,1,230,0,1.0,2.0,31.5
A-4e631b,Company_298,FinTech,US,2024-03-16,other,Enterprise,22,False,False,0,1,0,1,1,1,1,1,1,1,0,1,1,0,1,1,0,1,0,1,1,1,1,1,1,1,1,1,0,0,1,1,1,1,1,1,1,1,1,1,502,1,0.0,2.0,24.5
A-7f6b86,Company_299,HealthTech,US,2023-08-24,partner,Basic,45,True,True,0,0,1,1,1,1,0,0,1,1,1,1,1,1,0,1,1,0,1,1,1,0,1,1,0,0,0,1,1,0,1,1,1,0,0,1,1,1,1,1,420,1,1.0,7.0,40.42857142857143
A-8adedc,Company_300,EdTech,US,2024-02-11,event,Basic,4,True,True,1,1,1,1,1,0,0,1,1,1,1,1,1,1,1,1,1,1,1,1,0,1,1,1,0,1,0,0,1,1,1,1,1,1,1,0,1,0,1,1,583,0,0.0,4.0,49.25
A-2edab2,Company_301,HealthTech,US,2023-11-17,event,Enterprise,17,False,False,1,1,1,1,0,1,1,1,1,0,0,0,1,1,0,1,1,1,0,1,1,1,0,1,1,1,1,1,1,1,0,0,1,0,0,1,1,0,1,1,487,1,1.0,4.0,30.0
A-149a69,Company_302,DevTools,US,2024-10-17,event,Basic,34,False,False,1,0,0,1,1,0,1,1,1,0,0,1,0,0,0,0,0,0,1,0,0,1,0,0,1,0,0,0,1,1,1,0,0,0,1,1,1,1,1,0,208,0,1.0,8.0,33.875
A-a6d261,Company_303,FinTech,CA,2023-11-29,other,Pro,9,False,False,1,1,0,1,1,1,1,1,1,1,1,1,1,1,1,1,1,1,1,0,1,1,1,0,0,1,1,1,1,1,1,1,1,1,1,1,1,1,1,1,627,1,1.0,4.0,40.0
A-443f6f,Company_304,Cybersecurity,US,2024-12-07,organic,Basic,19,False,False,1,0,0,1,1,1,1,0,1,1,1,1,1,1,1,1,0,1,1,1,1,1,1,1,1,1,0,0,1,0,1,1,1,1,0,1,1,1,1,0,527,1,0.0,4.0,28.0
A-202b67,Company_305,HealthTech,US,2024-03-22,organic,Pro,11,False,False,1,1,1,1,0,1,0,1,0,1,1,1,1,1,1,1,1,1,1,0,1,0,0,1,0,1,0,0,1,0,1,1,1,1,0,1,1,1,1,1,447,1,1.0,4.0,36.75
A-00bed1,Company_306,Cybersecurity,US,2023-11-14,ads,Basic,28,True,False,1,1,1,1,1,1,0,1,1,0,1,1,0,1,1,1,1,1,1,1,1,0,0,1,1,1,1,0,1,1,1,0,1,1,1,1,1,1,0,1,514,1,1.0,4.0,31.75
A-ffc04f,Company_307,EdTech,US,2024-06-06,ads,Pro,13,False,False,1,1,1,1,1,1,1,1,1,0,0,1,1,0,1,1,1,1,1,1,1,1,1,1,1,1,1,1,1,1,1,1,1,1,1,1,1,1,1,1,857,0,1.0,7.0,17.714285714285715
A-65c341,Company_308,FinTech,US,2023-12-26,ads,Pro,11,True,False,0,1,0,1,1,1,0,1,1,1,1,1,0,1,0,0,0,1,1,1,1,1,0,1,0,1,1,1,0,0,0,0,1,1,0,0,1,1,1,1,410,0,1.0,5.0,41.4
A-dcc2f0,Company_309,FinTech,UK,2023-07-22,organic,Basic,15,False,False,1,1,0,1,1,1,1,1,1,1,1,1,1,1,0,1,1,0,1,0,1,1,1,1,1,1,1,1,1,1,1,1,1,1,1,1,0,1,1,1,833,1,1.0,2.0,27.0
A-ced9aa,Company_310,DevTools,US,2024-10-05,other,Enterprise,3,False,False,0,1,1,1,1,1,1,0,1,0,1,1,1,1,0,1,1,1,1,1,0,1,1,1,1,1,0,1,1,1,1,1,1,1,1,0,1,1,1,1,531,0,0.0,7.0,28.857142857142858
A-3d957b,Company_311,HealthTech,UK,2024-04-04,other,Pro,14,False,False,0,0,1,1,0,0,0,0,0,0,0,0,0,1,1,1,1,0,0,1,0,0,0,0,0,0,0,0,1,1,0,0,1,0,1,0,0,0,1,1,143,1,1.0,3.0,41.333333333333336
A-89ee83,Company_312,Cybersecurity,US,2024-10-04,organic,Pro,1,False,True,0,0,0,1,1,1,1,1,1,1,1,1,0,1,0,1,1,1,1,1,1,0,1,0,1,0,0,1,1,1,1,1,1,1,1,1,0,1,0,0,565,1,0.0,5.0,21.8
A-883b7d,Company_313,Cybersecurity,IN,2024-03-28,other,Basic,17,False,False,1,1,1,1,0,1,1,1,1,0,1,1,1,1,1,1,1,1,1,1,1,1,0,1,1,1,1,1,1,1,1,1,1,0,1,1,0,1,1,1,644,0,0.0,7.0,25.571428571428573
A-dcc3f1,Company_314,HealthTech,US,2023-12-27,event,Pro,21,False,False,1,1,1,1,1,1,1,1,0,1,1,0,1,1,1,1,0,1,1,1,0,1,0,0,1,1,1,1,1,1,1,0,0,1,1,0,1,1,1,1,500,0,1.0,9.0,35.666666666666664
A-c62e55,Company_315,EdTech,US,2023-02-08,partner,Basic,1,True,False,1,0,0,1,0,0,0,0,0,0,1,1,0,1,1,1,1,1,0,0,1,0,1,0,1,1,1,1,1,0,1,1,1,1,1,1,1,0,0,1,337,1,0.0,4.0,27.5
A-e4144b,Company_316,EdTech,UK,2024-10-22,other,Pro,41,False,False,0,1,1,1,1,0,1,1,1,0,1,1,1,1,0,1,1,1,0,1,1,0,1,1,1,1,0,1,1,0,1,0,0,1,0,1,1,0,0,0,439,1,0.0,3.0,57.0
A-e40f45,Company_317,HealthTech,US,2024-04-18,organic,Pro,21,False,False,1,1,1,1,1,0,1,1,0,1,1,1,0,0,1,0,1,0,1,0,1,1,1,0,1,1,0,1,1,1,0,1,1,1,1,0,1,1,1,1,401,1,1.0,7.0,26.714285714285715
A-96215d,Company_318,FinTech,US,2024-08-08,event,Enterprise,10,False,False,1,0,0,1,0,0,0,1,0,1,1,0,0,0,1,0,1,0,0,0,1,1,1,1,1,1,1,0,0,0,0,1,0,1,1,1,0,0,1,1,347,1,0.0,1.0,25.0
A-2b9d3e,Company_319,EdTech,US,2023-06-04,partner,Enterprise,1,False,False,1,1,1,1,0,1,1,0,0,1,0,0,1,0,0,1,1,1,0,1,1,1,0,1,1,1,1,1,1,1,1,0,1,0,0,1,1,1,0,0,444,1,0.0,3.0,34.666666666666664
A-b7724f,Company_320,HealthTech,UK,2023-03-28,organic,Basic,1,False,False,1,0,0,0,1,0,1,0,1,1,0,1,1,1,1,1,0,1,0,0,1,1,1,1,1,1,0,1,1,1,0,1,0,1,1,1,1,1,1,1,380,0,1.0,3.0,28.666666666666668
A-310452,Company_321,DevTools,FR,2024-12-25,other,Enterprise,9,False,False,1,1,1,0,1,1,0,0,1,0,0,1,1,0,1,0,0,0,1,0,0,1,0,1,0,1,1,0,1,1,0,0,1,0,0,0,0,1,1,1,268,0,1.0,5.0,34.2
A-eb1312,Company_322,FinTech,US,2024-09-16,partner,Pro,25,False,False,0,1,1,0,1,1,1,1,1,1,1,0,0,0,1,0,1,1,1,1,1,1,1,1,1,1,1,1,1,0,1,1,1,0,1,0,1,1,1,1,663,1,1.0,1.0,68.0
A-df1e44,Company_323,Cybersecurity,UK,2024-02-23,organic,Enterprise,12,False,False,1,0,1,1,0,1,1,1,1,1,0,1,1,1,1,0,0,1,0,1,1,0,1,0,0,0,1,0,1,0,1,1,1,0,1,0,0,1,1,1,420,1,1.0,2.0,53.0
A-6a7c9d,Company_324,Cybersecurity,US,2024-10-24,organic,Enterprise,26,False,True,0,1,0,0,0,0,0,1,1,0,0,1,1,1,1,0,0,1,0,1,1,1,0,0,0,0,0,0,0,0,0,0,0,1,1,0,0,1,1,0,189,0,1.0,3.0,34.333333333333336
A-cbd1a3,Company_325,DevTools,US,2024-11-25,other,Basic,6,False,True,0,1,0,1,1,1,0,1,1,1,1,1,1,0,1,1,0,1,1,1,1,0,1,0,0,0,0,1,1,1,1,0,1,1,1,1,1,1,1,1,465,1,0.0,4.0,34.5
A-a8d89d,Company_326,EdTech,US,2023-12-08,ads,Pro,13,False,False,1,1,1,0,1,0,0,1,1,1,1,1,1,1,1,1,1,1,0,1,1,0,0,1,1,1,1,1,1,1,1,1,1,0,1,1,1,0,1,1,551,1,1.0,2.0,44.5
A-600734,Company_327,DevTools,US,2023-11-14,organic,Pro,29,True,True,0,1,1,1,1,1,1,0,1,1,1,1,1,1,1,1,0,1,1,1,0,1,1,1,0,1,1,1,1,1,1,1,1,1,1,0,0,1,1,1,660,1,0.0,7.0,52.57142857142857
A-86fc1d,Company_328,DevTools,UK,2024-07-26,partner,Basic,26,False,False,1,0,1,0,1,0,0,1,1,0,0,0,1,1,1,0,1,1,1,1,0,1,1,0,1,1,0,1,1,1,1,1,0,0,1,1,0,1,1,1,363,1,1.0,5.0,27.0
A-78f02b,Company_329,HealthTech,US,2024-11-17,event,Enterprise,11,False,False,0,0,1,1,1,1,1,0,0,1,0,0,0,1,1,1,1,0,0,1,0,0,1,0,1,0,0,0,1,0,1,0,1,0,0,0,0,1,0,0,211,1,1.0,4.0,45.75
A-acb7f7,Company_330,EdTech,US,2024-01-06,ads,Basic,32,False,False,1,0,1,0,0,1,1,1,1,1,1,1,1,1,1,1,0,1,1,1,1,1,0,1,0,1,1,1,1,1,1,1,1,1,1,1,1,1,1,0,612,1,1.0,3.0,41.0
A-712f1c,Company_331,DevTools,US,2023-12-16,ads,Basic,17,False,True,1,1,0,1,0,1,1,0,1,0,1,0,1,1,1,1,1,1,1,1,1,0,1,1,0,1,1,1,1,1,1,1,0,1,1,1,1,1,1,1,631,1,1.0,6.0,41.666666666666664
A-3793ee,Company_332,Cybersecurity,CA,2023-03-21,organic,Enterprise,49,True,False,1,1,1,1,0,0,0,0,0,0,0,1,1,1,0,1,1,0,1,1,1,0,0,0,1,1,0,1,1,1,0,1,1,0,1,1,1,1,1,1,352,1,1.0,4.0,43.75
A-9a532a,Company_333,HealthTech,US,2024-07-06,partner,Enterprise,11,False,False,0,0,0,0,0,0,1,0,0,1,1,0,0,1,0,0,0,0,1,1,1,1,0,0,0,1,1,0,1,0,0,0,0,1,1,0,1,1,0,1,185,0,0.0,2.0,57.5
A-2ebb4b,Company_334,HealthTech,US,2023-05-15,ads,Basic,41,False,False,1,0,1,1,1,0,1,1,1,1,1,1,1,0,1,0,0,1,0,1,0,1,0,0,1,1,1,1,1,1,0,1,1,1,0,1,0,1,0,1,488,1,1.0,2.0,43.5
A-6843f2,Company_335,HealthTech,CA,2024-12-10,ads,Enterprise,21,False,False,1,1,0,1,0,1,1,0,1,0,1,1,1,1,0,1,1,0,1,0,0,1,0,1,0,0,0,1,0,1,1,0,1,1,1,1,1,1,0,0,481,0,0.0,2.0,36.5
A-c9bb3e,Company_336,EdTech,US,2024-03-24,ads,Pro,5,False,False,0,1,1,1,1,1,1,1,0,0,1,1,1,0,1,1,1,0,1,0,0,1,1,1,1,1,0,1,0,1,0,1,1,1,1,0,1,0,1,0,474,1,1.0,7.0,27.714285714285715
A-4814a3,Company_337,Cybersecurity,IN,2024-09-17,event,Basic,87,False,True,1,1,1,0,1,1,1,1,1,0,1,1,0,1,1,1,1,1,1,1,0,0,1,1,1,1,1,1,1,1,1,1,1,1,1,1,1,1,1,1,587,1,1.0,4.0,18.75
A-b7b7b7,Company_338,FinTech,US,2024-06-30,event,Basic,24,False,True,1,1,0,1,1,0,0,1,1,1,0,1,1,0,0,1,1,1,1,1,1,1,1,1,1,1,1,0,1,0,1,1,1,0,1,1,1,1,1,1,571,1,0.0,3.0,17.0
A-ccc747,Company_339,HealthTech,FR,2024-01-12,event,Pro,16,False,True,1,1,1,0,1,0,0,0,1,1,1,1,1,1,1,1,1,1,0,0,0,1,0,0,0,0,1,1,1,0,1,1,0,0,1,0,1,0,0,1,284,1,1.0,4.0,32.25
A-bb3bd4,Company_340,HealthTech,US,2024-01-27,ads,Basic,23,False,False,0,1,0,1,0,0,0,1,1,0,0,1,1,0,1,0,1,1,1,0,1,1,0,1,0,1,1,0,0,0,0,1,0,1,0,0,0,0,0,1,315,1,1.0,11.0,32.72727272727273
A-09316c,Company_341,FinTech,AU,2024-09-11,organic,Enterprise,70,False,False,1,1,1,1,0,1,1,1,1,1,0,1,0,0,0,1,1,0,0,1,1,1,1,1,1,1,1,1,1,0,1,1,1,1,0,0,0,1,0,1,566,1,1.0,4.0,54.75
A-96bbc6,Company_342,Cybersecurity,US,2024-05-07,organic,Enterprise,39,False,False,0,1,1,1,1,0,1,1,1,1,0,0,1,0,1,1,0,0,1,0,1,1,1,0,1,1,0,1,1,1,1,1,1,1,1,1,1,1,1,1,482,1,1.0,3.0,51.333333333333336
A-bc4d48,Company_343,EdTech,US,2024-06-12,ads,Pro,35,True,False,0,1,1,1,1,1,0,0,0,1,0,1,1,0,1,1,1,0,0,1,0,1,1,1,1,0,1,0,0,0,1,1,1,1,1,1,0,0,0,1,321,1,0.0,6.0,41.166666666666664
A-b30291,Company_344,HealthTech,US,2024-04-05,event,Basic,5,True,True,1,1,0,0,0,1,1,1,1,0,0,1,1,1,0,0,0,1,1,0,1,0,0,1,1,1,1,1,1,1,1,1,1,0,1,1,1,0,1,0,519,0,1.0,1.0,16.0
A-cdf020,Company_345,DevTools,AU,2023-08-16,organic,Pro,23,False,False,1,0,1,1,1,1,0,0,1,0,1,1,1,0,0,1,0,0,1,1,0,0,1,1,1,0,1,0,1,1,1,1,0,1,1,1,1,1,0,0,379,1,1.0,4.0,29.5
A-e6afc1,Company_346,DevTools,US,2023-02-24,ads,Pro,1,False,False,1,1,1,1,0,1,0,1,1,1,0,1,1,1,1,1,0,1,1,1,1,1,1,1,1,0,1,1,1,1,1,1,0,1,1,0,1,1,1,0,679,0,0.0,0.0,
A-e3bd71,Company_347,Cybersecurity,US,2023-03-25,partner,Basic,31,False,False,0,0,1,0,1,1,1,1,1,1,1,1,1,1,1,1,1,1,0,1,1,0,1,0,1,1,1,1,0,1,1,0,1,1,1,1,1,1,1,1,638,1,1.0,4.0,30.25
A-b179bf,Company_348,Cybersecurity,IN,2024-10-27,ads,Basic,43,False,False,0,1,0,1,0,0,0,1,0,1,1,0,1,0,1,0,1,0,1,0,1,0,0,0,1,0,1,1,0,1,1,1,1,1,1,1,1,0,1,1,398,0,1.0,6.0,24.666666666666668
A-098560,Company_349,DevTools,UK,2023-10-21,ads,Enterprise,1,False,True,1,1,1,1,1,1,1,1,1,1,1,0,0,1,1,0,1,1,0,1,0,1,0,1,1,0,1,1,1,1,1,1,1,1,1,1,1,1,0,1,567,1,1.0,2.0,28.0
A-82861f,Company_350,DevTools,UK,2024-04-25,organic,Basic,41,False,False,1,1,1,1,1,1,0,1,1,1,1,1,1,1,0,1,1,0,1,0,1,0,1,1,0,1,1,1,0,1,1,0,1,1,0,1,1,0,0,0,462,0,1.0,5.0,24.4
A-94c3cd,Company_351,FinTech,CA,2023-09-20,other,Enterprise,32,False,False,0,1,1,0,0,1,1,0,1,0,0,0,0,1,0,0,1,0,0,1,1,1,1,1,1,1,0,0,0,0,0,0,0,1,1,1,1,0,0,0,306,0,0.0,4.0,44.75
A-a33200,Company_352,HealthTech,US,2024-09-15,partner,Basic,29,False,False,1,1,1,1,1,0,1,1,1,1,0,1,1,1,1,1,1,1,1,1,0,1,0,1,1,0,1,1,1,1,1,1,1,0,0,1,1,1,1,1,517,1,1.0,3.0,36.333333333333336
A-034368,Company_353,EdTech,US,2023-11-05,event,Enterprise,19,False,False,0,1,0,1,1,0,0,1,0,0,0,1,1,0,0,0,0,1,0,1,0,1,1,1,0,1,1,0,1,1,0,1,1,0,0,0,1,1,1,0,265,0,1.0,5.0,41.2
A-b54c01,Company_354,DevTools,US,2024-09-29,event,Enterprise,29,False,False,0,0,0,0,0,0,0,1,1,0,1,0,0,0,0,0,0,0,0,0,1,1,1,0,1,0,1,0,0,1,1,0,1,1,0,0,1,1,0,1,226,0,1.0,5.0,42.6
A-d82ef9,Company_355,EdTech,UK,2024-07-02,other,Basic,26,False,True,1,1,1,1,1,1,0,0,1,1,0,1,1,1,1,1,1,1,1,1,1,0,1,1,1,0,1,1,1,0,1,1,1,1,1,1,1,0,0,1,679,1,1.0,5.0,39.8
A-bb2f49,Company_356,Cybersecurity,US,2023-05-28,other,Pro,8,False,False,1,0,1,1,1,0,1,1,1,1,1,1,1,1,1,0,1,1,1,0,0,1,1,1,1,1,1,1,1,1,0,1,0,0,0,1,1,1,1,1,618,1,0.0,3.0,22.333333333333332
A-1f559b,Company_357,HealthTech,US,2023-09-04,organic,Enterprise,5,True,True,0,1,1,1,0,0,1,1,0,1,1,1,1,1,1,0,1,0,0,0,0,1,0,1,1,1,0,1,1,1,1,1,1,1,1,1,1,1,1,1,400,0,1.0,5.0,50.4
A-5a215a,Company_358,EdTech,FR,2024-01-05,other,Enterprise,87,False,False,1,0,1,1,1,1,1,1,0,1,1,1,1,1,1,1,1,1,1,1,1,1,1,1,0,1,1,1,0,0,1,1,1,1,0,0,1,1,0,1,807,1,0.0,4.0,29.5
A-3f9cc0,Company_359,HealthTech,US,2024-06-03,event,Basic,22,False,False,0,1,0,1,0,0,0,1,1,1,1,1,0,1,0,1,1,1,0,1,1,0,0,1,1,1,1,0,0,1,1,1,1,1,0,1,0,1,0,1,407,1,1.0,5.0,34.8
A-f9cc74,Company_360,DevTools,FR,2024-10-12,partner,Enterprise,30,True,False,1,0,1,1,1,1,1,1,1,1,1,1,1,1,0,1,0,1,1,1,0,1,1,0,1,1,0,1,0,0,1,1,1,0,1,1,1,0,1,1,484,1,0.0,6.0,49.833333333333336
A-ed510f,Company_361,Cybersecurity,IN,2023-01-17,partner,Basic,42,False,False,1,1,1,1,1,0,1,0,1,0,1,1,0,0,1,0,0,0,1,1,1,0,1,1,0,1,1,0,1,1,0,1,1,1,1,1,1,0,1,1,493,1,1.0,9.0,44.55555555555556
A-5c9849,Company_362,EdTech,IN,2024-11-03,partner,Basic,19,False,False,0,1,1,1,0,1,1,1,0,1,0,1,1,1,1,0,1,0,1,0,1,0,1,0,1,1,1,1,1,1,1,1,1,1,0,1,1,1,1,1,473,1,1.0,4.0,59.5
A-a7bd4b,Company_363,Cybersecurity,US,2023-02-15,ads,Enterprise,5,False,False,1,0,1,0,1,1,1,1,1,0,1,1,0,0,1,1,1,0,0,1,1,1,1,1,1,1,1,1,0,0,1,1,0,1,1,0,1,1,1,1,576,1,1.0,6.0,36.833333333333336
A-d4ac0e,Company_364,DevTools,UK,2024-04-20,ads,Basic,18,False,False,1,1,1,1,1,1,1,1,1,1,1,1,1,1,1,1,1,1,1,0,1,1,1,1,1,1,1,1,1,1,1,1,1,1,1,1,1,1,0,1,793,1,0.0,4.0,21.0
A-ffdfd5,Company_365,EdTech,US,2024-04-13,organic,Basic,3,False,True,1,0,0,0,1,1,1,1,1,1,1,0,1,1,0,1,1,1,1,1,1,1,1,1,0,1,1,0,1,1,0,1,0,1,1,0,1,1,0,1,529,1,1.0,0.0,
A-0dbdc6,Company_366,Cybersecurity,DE,2023-02-12,other,Pro,30,False,True,1,1,0,1,0,1,1,0,1,1,1,1,1,1,0,1,1,1,0,1,1,1,0,1,0,1,1,1,1,1,1,1,1,1,1,1,1,1,1,0,512,0,1.0,4.0,47.0
A-7cfe77,Company_367,DevTools,US,2024-07-10,ads,Pro,69,False,False,1,1,1,0,0,1,1,0,1,1,1,0,0,0,0,1,0,1,0,0,0,0,0,0,1,0,1,1,0,0,0,0,1,0,0,0,1,0,0,1,205,1,1.0,7.0,30.714285714285715
A-1f0636,Company_368,EdTech,AU,2024-01-01,partner,Pro,105,False,False,1,1,1,1,1,1,0,1,1,0,1,1,1,1,1,1,1,1,1,1,1,1,0,0,1,1,1,1,0,0,1,1,1,1,1,1,0,1,1,0,685,1,0.0,2.0,38.5
A-40de06,Company_369,Cybersecurity,US,2023-05-08,event,Enterprise,28,False,True,1,1,1,1,1,0,1,1,1,0,1,1,1,1,1,1,1,1,1,1,1,1,1,1,1,1,1,0,1,1,1,1,1,1,1,1,1,1,1,1,902,1,0.0,3.0,40.333333333333336
A-cb5333,Company_370,DevTools,US,2024-03-26,ads,Pro,33,False,False,1,1,1,1,0,1,1,1,0,1,1,1,1,1,1,1,1,1,1,1,1,1,1,0,1,1,1,1,1,1,0,1,1,1,1,1,1,1,1,1,796,0,1.0,4.0,30.75
A-309e54,Company_371,DevTools,US,2024-12-09,other,Pro,15,False,False,0,1,0,1,1,1,1,1,1,1,0,1,1,1,0,1,0,1,1,1,1,0,1,1,1,0,1,1,1,0,1,1,1,0,1,1,1,0,0,0,509,0,1.0,5.0,23.8
A-6e7827,Company_372,DevTools,US,2023-03-26,other,Basic,1,False,False,0,1,1,1,0,0,1,0,1,1,1,1,0,0,1,0,0,1,1,1,1,1,0,0,1,0,1,0,0,1,1,1,1,0,1,1,0,0,1,1,419,1,1.0,2.0,51.0
A-50bb9f,Company_373,Cybersecurity,US,2024-07-12,organic,Pro,2,False,False,1,1,1,1,0,1,0,1,1,0,0,0,1,0,0,1,0,0,1,1,0,0,0,0,1,1,0,1,1,0,0,0,0,0,0,1,1,0,0,1,276,1,1.0,7.0,33.285714285714285
A-5fe118,Company_374,Cybersecurity,US,2024-11-07,other,Enterprise,39,False,False,0,1,0,0,0,0,0,0,0,1,0,1,1,0,0,1,1,0,1,0,0,0,0,0,0,1,1,1,1,0,0,0,1,1,0,1,0,0,0,0,233,0,1.0,1.0,19.0
A-5247b3,Company_375,FinTech,UK,2024-03-12,partner,Pro,16,True,False,1,1,1,1,1,1,1,1,1,0,1,1,1,1,0,0,1,1,1,1,1,1,0,1,1,1,1,1,1,1,1,0,1,0,0,0,1,1,1,1,610,1,1.0,5.0,45.8
A-f44180,Company_376,Cybersecurity,UK,2023-02-13,event,Pro,9,False,False,1,1,0,1,1,1,0,1,0,0,1,0,1,0,1,1,1,1,1,0,1,0,0,1,0,1,1,1,1,1,1,0,1,0,1,1,1,1,1,0,520,0,1.0,2.0,46.5
A-c16cf7,Company_377,EdTech,US,2024-10-16,event,Pro,13,True,False,1,1,1,1,0,1,1,1,1,1,1,0,1,1,1,1,1,1,1,0,0,1,1,0,1,1,1,1,1,1,1,1,1,1,1,0,1,1,1,0,577,0,1.0,3.0,48.333333333333336
A-d42431,Company_378,FinTech,FR,2024-06-09,ads,Enterprise,22,True,False,1,1,0,1,1,1,1,1,0,1,0,0,0,0,1,1,0,1,1,1,1,0,1,0,1,1,0,1,0,1,0,0,1,1,1,0,1,1,1,1,457,1,1.0,4.0,24.25
A-6965e1,Company_379,DevTools,US,2024-11-25,organic,Basic,13,False,False,1,1,1,1,1,0,1,1,0,0,0,1,0,0,0,1,1,0,1,1,1,1,1,1,0,1,0,1,0,1,1,1,1,1,0,1,1,1,0,1,627,1,1.0,3.0,39.0
A-0354fe,Company_380,Cybersecurity,US,2024-10-22,other,Basic,34,False,False,0,1,0,1,1,1,1,1,0,0,1,1,0,1,1,1,1,1,1,1,1,1,0,0,1,0,0,0,1,0,1,0,1,1,1,1,1,1,1,1,463,1,1.0,4.0,20.0
A-0a62f5,Company_381,FinTech,UK,2024-09-11,partner,Pro,16,False,False,0,1,0,0,1,1,0,0,1,0,0,1,0,1,0,1,1,0,1,0,1,0,1,0,1,0,0,1,0,1,1,0,0,1,1,1,0,1,1,0,244,0,1.0,2.0,33.5
A-f5641b,Company_382,EdTech,US,2024-03-30,other,Pro,31,False,False,0,1,0,0,1,1,1,1,1,1,1,0,1,1,1,1,0,1,0,1,1,1,1,1,0,1,0,1,1,1,0,1,0,0,0,0,1,1,1,1,438,1,1.0,4.0,47.5
A-b44e3e,Company_383,Cybersecurity,UK,2024-02-12,ads,Basic,40,False,False,0,1,1,0,0,0,0,0,0,0,1,1,1,0,0,0,0,0,1,0,0,1,0,1,1,1,0,1,0,1,1,1,1,1,1,0,1,1,0,1,387,1,1.0,3.0,40.0
A-3b37d9,Company_384,FinTech,US,2023-01-27,event,Enterprise,23,False,False,0,1,1,1,1,0,1,1,1,1,1,1,1,0,0,1,1,0,1,0,1,1,1,1,1,1,1,0,1,0,0,0,0,1,0,1,0,0,1,1,451,1,1.0,5.0,36.0
A-54d94a,Company_385,Cybersecurity,IN,2023-05-01,event,Basic,27,False,False,1,0,1,1,1,1,1,1,1,1,1,1,1,1,1,0,0,1,1,0,1,1,1,1,1,0,0,0,0,1,1,1,1,0,0,1,1,1,1,1,582,1,0.0,4.0,53.75
A-7f29a7,Company_386,Cybersecurity,UK,2024-09-18,event,Basic,41,True,False,0,0,0,1,1,1,1,0,0,1,1,1,1,1,1,1,1,1,0,1,1,1,1,1,0,1,1,1,1,1,1,1,1,1,1,0,1,1,1,1,619,0,1.0,1.0,24.0
A-089363,Company_387,FinTech,AU,2023-05-06,event,Basic,2,False,False,1,0,0,1,1,1,1,0,1,0,1,1,0,1,0,1,1,1,1,1,0,1,0,1,1,1,1,1,1,1,1,0,1,1,1,1,1,1,0,1,628,1,1.0,3.0,35.0
A-524364,Company_388,DevTools,FR,2024-12-31,partner,Enterprise,3,False,False,0,0,0,0,1,0,1,0,0,1,0,0,1,1,0,0,1,1,1,0,1,0,0,0,1,0,1,0,0,1,1,1,1,0,0,1,0,1,0,1,237,0,0.0,3.0,47.666666666666664
A-855a48,Company_389,EdTech,US,2023-12-22,partner,Pro,14,True,False,0,1,1,1,1,1,1,0,1,0,1,1,1,1,0,1,1,1,0,1,1,1,1,1,0,0,1,1,1,0,0,0,0,1,0,0,1,1,0,1,448,0,1.0,5.0,39.6
A-756192,Company_390,FinTech,IN,2023-06-11,other,Basic,19,False,False,1,1,1,0,0,1,1,1,1,1,1,0,0,0,1,1,1,0,1,1,1,1,1,1,1,1,1,1,1,1,1,1,1,0,1,1,0,1,1,1,617,1,0.0,3.0,37.333333333333336
A-49b828,Company_391,FinTech,IN,2023-05-05,ads,Pro,6,False,False,0,1,1,1,0,1,1,0,1,1,0,1,0,1,0,1,1,1,1,1,0,0,1,1,1,1,1,1,1,1,1,0,1,1,1,0,0,1,1,1,687,1,0.0,3.0,13.666666666666666
A-c7ffc2,Company_392,Cybersecurity,US,2023-01-27,partner,Pro,30,True,False,1,1,0,0,1,1,0,0,0,1,1,1,1,1,1,1,1,0,1,0,0,1,1,1,1,1,0,0,1,1,1,1,1,1,1,1,1,1,1,1,640,1,1.0,2.0,64.0
A-751c58,Company_393,FinTech,UK,2024-07-18,organic,Basic,15,False,False,0,0,1,1,1,0,1,1,1,1,1,1,0,1,1,0,0,1,1,1,1,1,1,1,1,1,1,1,1,0,0,0,1,1,1,1,1,1,1,1,574,1,1.0,5.0,39.6
A-72799b,Company_394,DevTools,FR,2023-11-13,event,Enterprise,20,False,True,1,1,1,1,1,1,1,1,1,1,0,1,0,1,1,0,1,1,0,1,1,1,1,0,0,1,1,1,1,1,1,0,1,1,1,0,1,0,1,1,550,1,1.0,2.0,33.5
A-812c5b,Company_395,DevTools,CA,2024-02-25,organic,Basic,55,False,True,1,1,1,0,1,1,0,1,1,1,1,0,1,0,1,1,1,1,1,1,1,1,1,1,1,1,1,1,1,1,1,0,1,1,1,0,1,1,1,0,866,0,1.0,4.0,27.0
A-69b156,Company_396,EdTech,US,2023-11-21,other,Pro,7,False,True,1,1,1,1,0,0,1,0,1,0,0,1,1,1,1,0,1,0,0,1,1,1,1,1,0,0,1,1,0,0,1,1,1,1,0,1,1,0,0,0,360,0,0.0,7.0,32.0
A-075038,Company_397,HealthTech,UK,2023-05-12,ads,Basic,17,False,False,1,0,1,1,1,1,1,1,1,1,0,1,1,1,1,0,1,0,0,1,0,1,1,1,1,1,0,1,1,1,1,1,1,1,1,1,1,0,1,1,743,1,1.0,2.0,43.5
A-940b8b,Company_398,HealthTech,DE,2024-03-19,organic,Basic,1,False,False,1,0,1,0,1,1,1,1,0,0,1,1,0,1,0,0,1,1,1,1,0,1,1,1,0,1,1,1,1,0,1,0,0,0,0,0,1,0,1,0,362,1,0.0,3.0,41.333333333333336
A-2d1036,Company_399,FinTech,US,2024-06-14,ads,Pro,69,False,True,0,1,1,1,1,1,1,0,1,1,1,1,1,0,1,1,1,1,1,0,0,1,1,1,0,0,0,0,1,1,1,1,1,1,1,1,1,1,1,1,692,0,1.0,5.0,37.8
A-0f6450,Company_400,FinTech,US,2024-12-27,other,Pro,28,True,True,1,0,1,1,1,0,1,1,1,1,1,1,1,0,1,1,0,1,1,1,1,0,1,1,1,1,0,1,0,1,1,0,1,1,0,1,1,1,1,1,539,0,1.0,8.0,29.75
A-9affe6,Company_401,Cybersecurity,US,2023-03-22,other,Pro,7,False,False,1,0,1,1,0,1,1,1,1,1,1,1,0,0,0,0,1,0,1,0,0,1,1,1,1,0,1,1,0,1,0,0,1,1,1,1,0,1,1,1,473,1,1.0,3.0,58.0
A-80eeb6,Company_402,Cybersecurity,UK,2023-05-09,organic,Enterprise,22,False,False,1,1,1,1,1,1,1,1,1,1,1,1,1,0,1,1,1,1,1,1,1,1,1,1,1,1,1,1,1,1,1,1,1,0,1,1,1,1,1,1,725,1,1.0,4.0,40.25
A-d4e0d4,Company_403,FinTech,US,2024-10-18,other,Basic,117,False,False,0,1,1,0,1,0,0,1,1,1,1,1,1,1,1,1,1,1,1,1,0,1,1,1,0,1,1,1,1,0,0,1,1,1,1,1,0,0,1,1,488,1,0.0,4.0,39.25
A-c7e58b,Company_404,HealthTech,IN,2023-06-25,other,Pro,3,False,False,0,1,0,0,0,1,1,0,0,0,0,1,1,0,1,1,0,0,1,1,0,1,0,1,1,0,1,1,1,1,0,0,0,1,0,1,1,1,1,1,343,0,0.0,5.0,30.6
A-016043,Company_405,EdTech,CA,2024-07-31,organic,Basic,4,True,False,1,1,1,1,0,1,1,0,1,0,0,0,0,1,1,1,1,1,1,1,0,1,1,1,1,0,1,1,1,0,1,0,1,0,1,1,0,0,1,0,490,1,1.0,3.0,30.333333333333332
A-bbe56f,Company_406,HealthTech,US,2023-02-16,ads,Enterprise,21,False,False,0,0,1,1,0,0,0,1,1,0,0,1,0,0,0,1,0,1,0,0,0,0,1,0,0,0,0,0,0,1,1,1,1,0,0,1,0,0,0,0,232,1,0.0,4.0,26.25
A-7c5768,Company_407,HealthTech,UK,2024-03-02,event,Enterprise,3,False,False,1,1,1,1,1,1,0,0,1,0,1,0,1,1,0,1,1,0,1,0,1,1,1,0,1,1,1,0,1,0,0,1,0,1,1,0,1,1,1,1,461,0,0.0,5.0,28.8
A-751bd4,Company_408,Cybersecurity,UK,2024-07-12,partner,Pro,10,False,False,0,1,1,0,0,1,0,0,0,0,0,0,0,0,0,0,0,0,0,1,0,0,1,1,0,0,0,0,0,0,0,1,0,0,1,0,0,1,0,0,92,0,1.0,6.0,23.166666666666668
A-4e0e85,Company_409,DevTools,US,2023-09-08,organic,Enterprise,6,False,False,1,0,0,0,1,1,0,1,1,1,0,1,0,0,1,0,0,1,0,1,1,0,0,1,1,0,0,1,0,1,0,1,0,1,0,1,1,1,0,0,288,1,1.0,2.0,53.0
A-ad3abd,Company_410,FinTech,US,2023-03-03,event,Pro,44,False,False,1,0,1,1,0,1,1,0,1,1,0,1,0,1,0,0,1,1,1,0,0,1,0,1,1,0,0,0,1,1,0,1,0,0,0,0,0,1,1,0,296,0,1.0,3.0,13.0
A-e19ff6,Company_411,Cybersecurity,UK,2023-07-28,partner,Enterprise,1,False,False,0,1,1,1,0,0,0,1,1,0,1,1,1,1,0,1,1,1,1,1,0,1,1,0,1,1,1,1,1,1,0,0,1,0,1,1,0,0,0,1,456,1,1.0,3.0,30.666666666666668
A-7920cc,Company_412,Cybersecurity,FR,2023-11-23,ads,Pro,39,False,False,1,0,1,1,1,0,1,1,1,0,1,1,1,1,1,1,1,1,1,1,0,1,1,1,1,0,1,1,0,1,0,1,0,1,1,1,1,1,1,1,601,1,0.0,7.0,32.857142857142854
A-5a92e7,Company_413,HealthTech,US,2024-06-11,ads,Pro,4,False,False,1,1,1,1,1,1,1,1,1,1,1,1,1,1,1,1,1,1,1,1,1,1,1,0,1,1,1,1,0,1,1,1,1,1,1,1,1,1,1,0,885,0,1.0,7.0,45.0
A-fdfc91,Company_414,Cybersecurity,US,2023-05-06,ads,Basic,29,False,False,0,1,1,1,1,1,1,1,1,0,1,1,1,0,1,1,0,1,1,1,1,1,1,1,1,1,1,1,1,1,1,0,0,0,1,1,1,1,0,1,564,1,0.0,5.0,28.8
A-1e50e0,Company_415,Cybersecurity,DE,2023-02-21,other,Pro,19,True,True,1,0,1,1,0,1,1,1,0,1,1,0,0,1,1,0,0,0,1,0,0,0,1,0,1,0,0,0,1,1,0,0,0,1,0,1,0,0,0,0,194,1,1.0,2.0,20.5
A-1e1b80,Company_416,FinTech,CA,2023-09-12,other,Enterprise,50,False,False,1,1,1,1,0,1,1,1,1,1,1,0,1,1,1,1,1,1,1,0,1,1,0,1,1,1,1,1,1,1,1,1,0,1,1,1,1,1,0,1,682,1,1.0,6.0,43.0
A-659280,Company_417,FinTech,IN,2023-11-17,event,Enterprise,13,True,True,1,1,0,1,1,0,1,0,1,1,1,1,1,1,1,1,1,0,1,1,1,0,1,0,1,1,1,1,1,0,1,0,1,0,1,0,1,1,1,1,613,1,1.0,4.0,8.0
A-f6b2fb,Company_418,DevTools,AU,2024-04-23,event,Basic,23,False,False,1,1,1,1,1,1,1,1,1,0,1,1,0,0,0,1,0,0,0,1,1,1,1,1,1,1,1,1,1,1,1,1,0,1,1,0,1,1,0,0,524,1,1.0,5.0,55.0
A-cb6cc6,Company_419,DevTools,US,2023-04-03,ads,Basic,13,True,False,1,1,0,0,0,0,1,1,0,0,0,1,0,1,1,1,0,0,0,1,0,0,0,1,1,1,1,1,0,1,1,1,1,0,0,1,0,0,1,1,314,1,0.0,3.0,16.333333333333332
A-d62e02,Company_420,Cybersecurity,US,2024-08-20,partner,Pro,6,False,False,0,1,0,1,1,0,0,1,0,0,0,1,0,1,1,0,1,1,1,1,0,1,1,0,1,0,1,1,1,1,1,1,1,1,1,1,0,0,1,0,344,1,0.0,1.0,36.0
A-d535f6,Company_421,DevTools,US,2024-09-03,organic,Basic,12,True,True,1,1,1,0,1,1,1,1,1,1,0,0,1,0,0,1,0,1,0,0,1,1,1,1,0,1,1,0,1,0,1,0,0,1,1,1,0,1,1,1,477,1,1.0,0.0,
A-39868b,Company_422,FinTech,AU,2024-03-17,partner,Pro,9,False,False,0,1,1,1,1,1,1,0,1,1,1,1,1,1,0,0,1,1,0,0,0,0,1,1,0,0,1,0,0,0,0,1,1,0,1,1,0,0,1,0,305,1,1.0,6.0,39.0
A-3cc791,Company_423,EdTech,US,2024-01-10,other,Enterprise,6,False,False,1,0,0,1,0,1,1,1,1,1,0,0,1,1,1,0,1,1,1,0,1,1,1,0,0,1,1,0,1,1,1,1,1,0,1,1,1,1,1,0,447,0,1.0,6.0,48.333333333333336
A-337bc1,Company_424,Cybersecurity,US,2023-07-19,organic,Pro,30,True,False,0,1,1,1,0,0,0,1,1,1,1,1,1,0,1,1,0,1,0,0,0,1,1,0,1,1,0,1,1,1,1,1,1,1,1,1,1,0,0,1,425,1,1.0,4.0,32.5
A-58b9ff,Company_425,DevTools,IN,2024-05-31,partner,Enterprise,2,False,False,0,1,1,0,1,0,1,1,1,0,0,1,1,1,0,1,1,1,1,0,0,1,1,1,1,0,1,1,1,1,1,1,1,1,0,1,1,1,0,0,667,1,1.0,2.0,66.0
A-bf7919,Company_426,HealthTech,US,2024-11-27,organic,Pro,3,False,False,1,1,0,1,0,1,1,1,0,0,1,1,1,1,0,0,1,1,0,0,0,0,0,1,1,1,0,1,1,1,0,1,0,0,1,0,1,0,1,1,262,0,1.0,2.0,14.5
A-1d5444,Company_427,Cybersecurity,US,2024-01-18,partner,Basic,24,False,True,1,1,1,1,0,0,1,0,0,1,1,1,1,1,1,1,1,0,0,0,0,0,1,1,1,1,1,1,1,0,1,1,1,0,0,1,1,1,1,1,592,1,1.0,2.0,30.0
A-0f3e88,Company_428,HealthTech,US,2023-07-23,other,Basic,7,False,True,1,1,1,1,1,0,1,1,0,1,1,0,1,1,1,1,0,1,1,1,1,0,0,1,1,1,1,1,1,1,1,0,1,1,1,0,1,1,1,1,598,1,1.0,3.0,48.0
A-7641d3,Company_429,EdTech,US,2023-02-16,partner,Pro,8,True,True,0,0,1,1,1,1,1,0,1,0,0,1,1,1,1,1,1,0,1,1,0,1,1,1,0,1,1,0,1,1,0,1,0,1,1,0,1,1,1,1,519,0,1.0,5.0,45.2
A-cd458b,Company_430,DevTools,US,2024-06-15,other,Basic,10,True,False,1,1,1,1,1,1,1,0,1,0,1,1,1,1,1,1,0,0,1,1,0,1,1,1,1,1,1,1,1,1,1,1,1,1,1,1,1,1,0,1,864,0,1.0,5.0,38.4
A-c16b88,Company_431,HealthTech,US,2023-12-02,event,Enterprise,23,False,False,1,0,0,1,1,0,0,1,1,0,1,1,0,0,1,1,1,1,1,1,1,1,1,1,1,1,1,1,0,1,1,1,1,0,0,0,0,1,1,1,457,1,1.0,3.0,48.333333333333336
A-59f724,Company_432,HealthTech,US,2023-11-03,other,Enterprise,3,True,False,1,1,1,1,1,1,1,1,1,1,0,1,1,1,0,1,1,1,1,0,0,1,1,1,1,1,1,1,0,1,1,1,1,1,1,0,1,1,0,1,696,1,0.0,4.0,19.25
A-87aa7b,Company_433,HealthTech,US,2024-05-16,organic,Pro,24,True,False,1,1,1,1,1,1,1,1,1,1,0,1,1,1,1,1,0,1,1,0,0,1,1,1,1,1,1,1,1,0,1,1,0,1,0,1,0,1,0,1,742,1,1.0,3.0,27.333333333333332
A-1e6fc3,Company_434,EdTech,FR,2023-12-06,other,Pro,1,False,False,1,1,0,1,1,1,1,1,1,1,0,0,1,0,1,1,0,0,1,0,0,0,1,0,0,1,0,1,0,0,1,0,0,0,0,0,1,0,1,0,244,0,1.0,5.0,23.8
A-39ddf4,Company_435,EdTech,US,2024-12-05,partner,Enterprise,40,False,False,1,1,0,0,1,0,1,0,1,1,1,1,0,1,1,1,1,0,1,1,1,1,1,1,0,1,0,1,0,0,1,0,0,0,1,1,1,1,1,1,455,0,1.0,5.0,23.0
A-34ea2f,Company_436,HealthTech,US,2024-08-15,organic,Enterprise,8,False,True,1,1,1,1,1,0,1,1,1,0,1,1,1,1,0,0,0,0,1,1,0,0,1,0,1,1,1,1,1,1,1,1,1,1,0,1,1,1,0,1,550,1,1.0,8.0,35.25
A-716841,Company_437,FinTech,US,2024-05-06,other,Pro,45,False,False,0,1,1,1,1,1,1,1,1,1,0,1,1,1,0,0,1,1,1,0,0,0,1,1,1,1,1,1,0,1,1,0,1,0,0,1,0,0,0,1,344,0,1.0,5.0,29.8
A-558c72,Company_438,FinTech,US,2023-06-01,organic,Basic,12,False,False,1,1,0,0,0,1,0,1,1,0,0,1,0,1,1,0,0,1,0,1,0,1,0,1,0,0,0,1,1,1,0,1,0,1,0,0,0,1,0,1,296,1,1.0,4.0,64.25
A-b11cd0,Company_439,DevTools,US,2023-01-20,ads,Pro,26,True,True,0,0,1,1,0,0,1,0,1,1,1,1,0,0,0,0,0,1,0,1,1,0,0,0,1,0,1,0,1,1,1,0,1,1,1,1,0,1,0,1,278,0,0.0,4.0,38.5
A-cc1d8d,Company_440,FinTech,US,2024-12-08,other,Pro,5,False,False,0,1,1,1,1,0,0,1,1,1,1,1,1,1,1,1,1,1,1,1,1,0,1,1,1,1,0,0,1,1,1,1,1,1,1,1,1,1,1,0,618,1,1.0,5.0,30.2
A-7f4db3,Company_441,FinTech,US,2023-03-05,other,Pro,4,False,False,1,1,1,1,1,0,1,1,0,1,1,0,1,1,1,1,1,1,1,1,1,1,1,1,1,1,1,1,1,1,1,0,1,1,1,1,1,1,1,1,844,0,1.0,5.0,16.6
A-db5e9e,Company_442,DevTools,US,2024-11-09,partner,Basic,4,False,False,1,1,1,1,1,1,1,1,1,1,1,0,1,0,1,1,0,1,1,1,1,0,1,1,1,1,1,1,1,1,0,0,0,1,0,0,1,0,1,0,586,0,1.0,2.0,66.0
A-cc102e,Company_443,HealthTech,US,2024-04-15,partner,Enterprise,13,False,False,1,1,1,1,1,1,0,1,0,1,1,1,0,1,1,0,0,0,1,1,1,0,0,0,0,1,1,1,1,1,0,1,0,0,1,1,0,1,1,1,394,1,1.0,4.0,33.25
A-82d8a6,Company_444,Cybersecurity,UK,2024-11-28,ads,Basic,5,False,False,1,1,1,1,1,1,1,0,0,1,1,1,1,1,1,0,1,0,1,1,1,1,0,1,0,1,1,0,1,1,1,1,1,0,1,1,1,1,1,1,661,1,1.0,5.0,42.2
A-dec005,Company_445,HealthTech,US,2023-10-13,partner,Pro,21,False,False,1,1,1,1,0,0,1,1,1,0,1,0,1,1,1,1,1,1,1,1,1,1,1,0,0,0,1,1,1,1,0,1,1,0,1,1,1,1,1,1,475,1,1.0,2.0,59.0
A-5790f4,Company_446,FinTech,UK,2024-12-22,event,Pro,1,True,False,1,0,0,1,1,1,1,1,1,1,0,1,1,0,0,1,0,0,1,0,0,1,1,1,1,1,0,0,0,1,1,1,0,1,1,1,1,0,1,0,321,0,1.0,4.0,44.0
A-7c83a1,Company_447,Cybersecurity,US,2024-05-06,partner,Pro,12,False,False,1,1,1,1,0,1,1,0,0,0,0,0,1,0,1,1,0,1,1,1,0,1,1,1,1,0,1,1,1,1,1,1,1,1,1,0,1,1,1,1,632,0,1.0,4.0,42.0
A-297a2d,Company_448,HealthTech,UK,2023-05-05,event,Pro,27,False,False,1,1,0,1,1,0,1,0,1,1,0,1,0,1,1,1,0,1,0,0,1,0,0,1,0,1,0,0,1,1,1,0,1,1,1,1,1,0,0,0,244,1,0.0,2.0,32.5
A-4c56c9,Company_449,FinTech,US,2023-12-20,partner,Enterprise,9,False,True,1,1,1,1,1,1,1,1,1,1,0,1,1,1,1,1,1,1,1,0,1,0,1,1,1,1,0,1,0,1,1,1,0,1,1,1,1,1,1,1,623,0,1.0,5.0,38.6
A-cbbe12,Company_450,Cybersecurity,DE,2023-03-22,partner,Enterprise,40,False,False,1,0,1,1,0,1,0,0,0,1,0,0,0,1,0,1,1,0,1,0,0,0,1,0,0,0,0,0,1,1,0,1,0,0,0,0,1,0,0,0,178,1,0.0,6.0,38.0
A-4a267b,Company_451,FinTech,US,2024-05-05,other,Pro,25,False,False,1,0,1,1,1,1,1,1,1,1,1,1,1,0,0,1,1,0,1,1,1,1,0,1,0,1,1,0,1,1,1,1,1,1,1,1,1,0,0,1,498,1,1.0,4.0,16.25
A-bcbe98,Company_452,Cybersecurity,US,2024-07-29,other,Enterprise,46,False,False,1,1,1,0,1,0,1,1,0,1,1,1,1,1,1,0,1,1,0,1,1,1,1,1,1,1,1,1,1,1,1,1,1,1,1,0,1,1,1,1,635,1,1.0,7.0,38.285714285714285
A-427b69,Company_453,FinTech,US,2024-08-23,other,Basic,17,False,False,0,0,1,1,0,1,1,1,1,1,1,1,1,1,1,1,0,1,1,1,1,1,1,0,1,0,1,1,0,1,1,1,1,0,1,1,1,1,1,1,698,0,0.0,2.0,31.5
A-0be015,Company_454,FinTech,US,2024-10-15,event,Pro,19,False,False,0,0,0,0,1,0,1,1,1,0,0,0,0,0,1,0,1,1,0,1,1,0,1,1,1,1,1,0,1,0,0,0,1,0,0,1,1,0,1,0,297,0,1.0,7.0,40.285714285714285
A-054577,Company_455,EdTech,UK,2024-04-28,ads,Basic,2,False,False,1,0,1,1,1,1,1,1,1,1,0,1,1,1,1,1,1,1,1,1,1,1,1,1,1,1,1,1,1,1,1,1,0,1,1,0,1,1,1,1,833,1,0.0,1.0,46.0
A-bc87bc,Company_456,FinTech,US,2024-07-17,event,Pro,3,False,False,0,0,1,1,1,1,0,0,1,0,1,0,1,0,1,0,1,1,1,1,1,1,1,1,0,1,0,1,1,1,0,1,0,1,0,0,0,0,1,1,394,0,0.0,7.0,40.57142857142857
A-0f7d77,Company_457,FinTech,IN,2024-10-28,partner,Pro,3,False,False,0,0,0,1,1,0,1,0,0,1,1,1,1,1,1,1,1,0,1,0,1,0,0,1,1,0,0,1,1,0,1,1,1,1,0,0,1,0,1,0,298,0,1.0,5.0,27.2
A-e7beab,Company_458,EdTech,DE,2023-10-20,organic,Enterprise,5,False,False,0,0,0,1,0,1,1,1,1,0,0,1,1,0,1,0,0,0,0,1,1,0,1,0,1,0,1,0,1,1,1,0,0,1,1,1,1,1,0,1,373,0,1.0,6.0,36.666666666666664
A-a09355,Company_459,FinTech,US,2024-08-10,organic,Basic,14,False,False,1,0,0,1,1,1,0,1,1,1,1,1,0,1,1,1,1,0,1,1,1,1,1,1,1,1,1,1,1,1,1,1,1,1,1,1,1,0,1,0,788,0,1.0,5.0,32.6
A-31ab9a,Company_460,FinTech,DE,2024-03-03,organic,Pro,3,False,False,1,0,0,1,0,1,0,1,1,0,1,1,1,0,0,0,0,0,1,0,1,1,1,0,1,0,0,1,1,0,0,1,0,1,0,0,0,1,0,1,340,0,1.0,7.0,43.142857142857146
A-0158bb,Company_461,FinTech,DE,2024-05-22,partner,Basic,5,False,False,0,0,1,1,0,0,1,1,0,1,1,1,0,0,1,0,0,1,1,1,0,1,1,1,1,0,0,0,0,0,0,0,1,0,1,0,1,0,1,0,364,1,0.0,1.0,32.0
A-f19b24,Company_462,Cybersecurity,US,2023-01-10,organic,Pro,29,True,False,0,0,0,1,0,1,0,0,0,0,1,0,0,0,0,1,0,0,0,0,1,1,0,1,0,1,0,1,0,0,0,1,1,0,0,1,0,0,0,0,119,0,0.0,2.0,35.5
A-798a3f,Company_463,DevTools,FR,2023-10-19,other,Enterprise,12,False,True,0,0,0,1,1,1,1,0,1,0,0,1,1,1,0,1,1,0,1,0,0,1,1,0,1,0,0,0,1,0,0,0,1,1,0,1,0,0,0,1,352,1,1.0,5.0,33.0
A-42b791,Company_464,FinTech,AU,2024-05-20,event,Pro,3,False,False,0,0,0,1,0,0,0,1,1,1,1,0,0,1,1,0,0,1,1,1,1,0,1,1,0,1,0,0,0,0,1,1,0,0,0,1,1,0,1,0,312,0,0.0,3.0,33.666666666666664
A-068fc6,Company_465,EdTech,US,2023-07-17,event,Enterprise,35,False,False,1,0,1,1,1,1,1,1,0,1,0,0,1,1,1,1,1,0,1,1,1,1,1,0,1,1,1,1,1,1,1,1,1,0,0,1,1,1,1,1,598,1,0.0,5.0,38.8
A-6f50ae,Company_466,FinTech,US,2023-09-21,partner,Pro,19,False,True,1,1,1,1,1,1,1,1,1,1,1,1,1,1,0,1,1,1,0,1,1,1,1,1,1,1,0,1,1,0,1,1,1,1,1,1,0,1,1,1,811,0,1.0,5.0,31.0
A-a2485e,Company_467,FinTech,US,2024-08-04,event,Pro,3,True,False,1,0,1,0,1,0,0,1,0,1,0,0,1,0,1,0,0,0,0,1,0,1,1,0,0,0,1,1,1,1,0,0,1,1,1,1,1,1,1,1,317,0,0.0,0.0,
A-bb1eaa,Company_468,Cybersecurity,US,2024-06-11,organic,Basic,21,False,False,0,0,1,0,0,1,0,0,0,1,0,1,0,1,1,1,0,0,1,0,0,0,0,0,0,0,1,0,0,0,1,1,1,1,0,1,0,0,1,0,164,0,1.0,6.0,23.5
A-cc98bc,Company_469,DevTools,US,2023-05-24,ads,Basic,32,False,False,1,1,0,1,1,1,0,1,1,0,0,1,1,1,0,0,0,1,1,1,1,1,0,1,1,0,1,1,1,0,1,1,1,1,1,1,1,1,1,0,551,1,0.0,3.0,4.666666666666667
A-d77f4c,Company_470,DevTools,US,2023-09-25,partner,Pro,4,True,False,1,1,1,1,1,1,1,1,1,1,0,0,0,1,1,1,1,1,0,1,0,0,1,1,1,1,1,1,1,1,0,1,1,1,1,1,0,1,1,0,617,1,1.0,2.0,31.0
A-ccabf0,Company_471,HealthTech,IN,2023-11-06,organic,Pro,1,False,False,1,0,1,1,1,1,1,1,1,1,1,1,1,1,1,1,1,1,0,0,1,1,0,0,1,1,1,0,1,1,0,1,1,1,0,0,1,1,1,1,506,0,1.0,4.0,46.25
A-700ade,Company_472,Cybersecurity,UK,2024-10-31,organic,Enterprise,1,True,False,0,0,1,0,1,1,1,0,1,0,1,0,1,0,0,0,0,1,1,0,1,0,0,1,0,1,0,0,0,1,1,1,1,1,1,0,0,1,1,0,284,0,0.0,4.0,30.25
A-4a4c2d,Company_473,DevTools,US,2023-05-02,event,Enterprise,54,False,False,1,1,1,1,1,1,0,0,1,1,0,0,0,1,0,0,1,1,1,1,0,1,1,1,0,1,1,1,1,1,1,1,1,0,1,0,1,1,1,0,587,1,0.0,5.0,42.0
A-b7ef83,Company_474,Cybersecurity,UK,2024-05-29,partner,Pro,1,True,False,1,0,1,1,1,1,1,0,0,1,1,1,1,1,1,1,1,1,1,1,1,0,0,1,1,1,1,0,1,1,1,1,1,1,1,1,1,1,1,1,738,1,1.0,2.0,47.5
A-e08cd3,Company_475,FinTech,US,2024-09-21,ads,Pro,67,True,False,1,1,1,1,1,1,1,1,0,1,0,1,1,1,0,1,1,0,1,1,1,0,1,1,1,0,1,1,0,1,0,1,0,1,1,1,1,0,1,1,432,0,1.0,8.0,30.375
A-19b2c8,Company_476,DevTools,IN,2023-06-06,other,Pro,20,False,False,1,1,1,0,0,1,1,0,1,1,1,1,1,1,1,0,1,1,1,0,1,1,0,1,1,1,1,0,0,1,1,1,0,1,1,1,1,1,1,1,601,1,1.0,3.0,29.333333333333332
A-970c97,Company_477,HealthTech,DE,2024-03-01,other,Enterprise,14,False,False,1,0,1,0,1,1,1,0,0,0,1,1,0,1,1,0,1,0,1,1,1,0,1,0,0,1,1,1,0,1,1,1,0,1,1,1,1,0,1,1,444,0,0.0,1.0,61.0
A-6dee43,Company_478,FinTech,UK,2023-08-12,other,Basic,3,True,False,1,0,1,1,0,0,1,0,0,1,1,1,1,1,0,1,0,1,1,1,1,1,1,0,1,0,1,1,0,0,1,1,1,1,1,1,1,1,0,1,461,1,1.0,5.0,44.2
A-5ed98d,Company_479,DevTools,US,2024-06-22,partner,Basic,24,False,False,0,0,0,1,1,1,0,1,1,1,1,1,1,0,0,0,0,1,0,0,1,0,1,0,1,1,0,1,1,0,0,1,1,0,1,1,1,0,1,1,312,1,1.0,5.0,35.8
A-c58f49,Company_480,EdTech,US,2024-07-31,other,Enterprise,70,True,False,0,0,0,0,1,1,1,0,0,1,0,1,0,1,1,1,0,1,1,0,1,1,1,1,0,1,1,1,1,1,1,1,0,1,0,1,0,1,0,0,363,1,1.0,3.0,36.333333333333336
A-9c18c4,Company_481,HealthTech,US,2023-07-27,ads,Pro,11,False,True,1,1,0,1,1,1,1,1,1,0,0,1,0,0,0,0,0,1,1,1,1,0,1,1,1,1,1,1,1,1,1,1,1,1,1,1,1,1,0,1,556,1,0.0,4.0,42.25
A-cc8c8f,Company_482,DevTools,US,2024-06-16,ads,Enterprise,23,False,False,1,0,1,1,1,1,1,1,1,0,1,1,0,0,0,0,0,0,1,1,1,0,0,0,0,1,0,0,0,0,0,1,0,1,1,1,0,1,1,0,268,1,1.0,2.0,14.5
A-5f7781,Company_483,DevTools,US,2024-08-20,other,Pro,22,False,False,1,1,0,0,1,1,0,0,1,0,0,0,0,1,0,1,0,1,0,0,0,0,0,1,0,0,1,0,1,1,0,0,0,1,1,1,0,0,0,1,183,1,1.0,2.0,28.5
A-e1b9cd,Company_484,DevTools,US,2023-02-26,event,Pro,40,False,True,1,1,1,1,1,1,1,1,1,1,1,1,1,1,1,1,1,0,1,0,1,1,1,1,1,1,1,1,0,1,1,1,0,1,1,1,1,1,0,0,840,0,1.0,1.0,35.0
A-ac85cd,Company_485,EdTech,US,2024-07-31,partner,Enterprise,53,False,False,0,1,1,1,0,1,1,1,1,0,0,1,1,1,1,1,0,1,0,1,1,1,0,1,1,0,1,1,0,1,0,1,1,1,1,1,1,1,1,1,634,1,1.0,3.0,33.666666666666664
A-d792a6,Company_486,DevTools,US,2023-01-23,organic,Enterprise,4,False,False,0,1,1,1,1,1,0,1,1,0,1,1,1,1,1,0,1,0,1,1,1,1,1,1,1,1,1,1,1,0,1,1,1,1,0,1,0,1,1,1,690,1,1.0,5.0,40.6
A-ac9111,Company_487,HealthTech,US,2023-08-12,event,Pro,21,True,False,1,0,1,1,1,1,1,1,1,1,1,1,0,1,1,1,0,1,1,1,1,1,1,1,1,1,0,1,1,1,1,1,1,1,1,1,1,1,1,1,808,0,1.0,3.0,24.666666666666668
A-18793f,Company_488,EdTech,US,2024-12-18,organic,Basic,148,True,False,1,0,0,1,0,1,1,1,1,0,1,1,1,1,1,0,1,1,0,1,1,1,1,1,0,1,0,1,1,1,1,1,1,1,0,1,1,1,0,1,486,1,1.0,5.0,45.2
A-9f0b68,Company_489,EdTech,US,2024-04-28,ads,Basic,10,False,False,1,1,0,1,1,1,1,1,1,1,1,1,0,1,1,1,1,1,1,1,1,1,1,1,0,1,0,1,1,1,1,1,1,1,1,1,1,1,1,1,709,1,1.0,3.0,30.333333333333332
A-d3c88e,Company_490,DevTools,US,2024-10-18,event,Pro,16,False,False,1,1,1,1,1,1,0,1,1,1,1,1,1,1,1,1,0,1,1,1,0,1,1,1,1,1,1,1,1,1,1,0,1,1,0,0,1,1,0,1,644,1,1.0,3.0,58.0
A-ccb686,Company_491,DevTools,US,2024-01-22,other,Basic,10,False,False,1,1,1,1,1,1,1,1,1,0,1,1,0,1,0,1,1,1,1,1,1,1,1,1,1,1,0,1,1,1,1,1,1,1,1,1,1,1,0,1,721,1,1.0,1.0,67.0
A-118f1c,Company_492,Cybersecurity,US,2024-10-31,other,Pro,32,False,False,0,1,1,1,1,1,1,0,0,0,0,1,1,0,0,1,0,1,1,1,1,0,0,1,1,0,1,1,0,0,1,1,1,1,0,0,1,0,0,0,369,0,1.0,1.0,64.0
A-0e966d,Company_493,FinTech,IN,2024-06-25,ads,Basic,11,False,True,1,1,1,1,0,1,1,1,1,1,1,1,1,1,1,1,1,1,1,0,1,1,0,1,0,1,1,0,0,1,0,1,1,0,0,1,1,1,1,1,636,0,0.0,3.0,31.666666666666668
A-b9f5b1,Company_494,Cybersecurity,US,2023-01-24,other,Pro,15,True,False,0,1,1,1,1,1,0,1,1,0,1,0,0,0,0,0,0,1,1,0,0,1,1,1,0,1,0,1,1,0,0,1,0,0,1,1,0,1,1,0,307,0,1.0,6.0,31.833333333333332
A-8ae3fc,Company_495,DevTools,CA,2024-06-28,ads,Pro,9,False,False,0,1,1,1,0,1,1,1,1,1,0,1,0,1,1,1,1,0,1,1,1,0,0,1,0,0,0,1,0,1,1,1,1,0,0,1,1,0,1,1,402,0,1.0,4.0,39.5
A-55f257,Company_496,FinTech,US,2023-12-21,organic,Basic,9,False,False,1,1,1,1,0,1,1,1,1,0,1,1,1,1,1,1,1,1,1,1,1,1,0,0,1,1,1,1,1,1,1,0,0,0,0,1,0,1,1,1,476,1,0.0,6.0,43.166666666666664
A-d26ab4,Company_497,DevTools,UK,2024-11-07,organic,Basic,9,False,True,1,1,1,1,0,1,1,1,0,0,1,0,1,0,0,0,1,0,1,1,1,1,1,1,0,0,0,1,1,0,1,1,0,1,0,1,0,1,0,1,458,0,1.0,2.0,49.5
A-712533,Company_498,EdTech,US,2023-07-31,organic,Pro,18,False,False,1,1,0,1,1,1,1,1,1,0,1,1,1,1,1,1,0,1,1,1,1,0,1,0,0,1,1,0,1,1,0,1,1,1,1,1,1,1,1,1,571,1,1.0,5.0,37.4
A-781cc0,Company_499,EdTech,US,2024-09-04,organic,Pro,12,False,False,1,1,1,1,1,1,0,1,1,1,1,0,1,1,1,1,1,1,1,1,1,0,1,1,1,1,0,1,0,1,0,1,1,0,1,0,1,1,0,1,864,1,1.0,4.0,57.5
